/*****************************************************************************************
Name	: Code for Steel_Data DB
Author	: Amit Patel
Date  : 12-May-2023

Purpose: This script will create Db and few table in it to store info about Esports Tournament
*****************************************************************************************/
create database Steel_Data
go

USE Steel_Data
GO
---create table Teams 
CREATE TABLE Teams (
team_id INT PRIMARY KEY,
team_name VARCHAR(50) NOT NULL,
country VARCHAR(50),
captain_id INT
);
---create table Players 
CREATE TABLE Players (
player_id INT PRIMARY KEY,
player_name VARCHAR(50) NOT NULL,
team_id INT,
role VARCHAR(50),
salary INT,
FOREIGN KEY (team_id) REFERENCES Teams(team_id)
);
---create table Matches 
CREATE TABLE Matches (
match_id INT PRIMARY KEY,
team1_id INT,
team2_id INT,
match_date DATE,
winner_id INT,
score_team1 INT,
score_team2 INT,
FOREIGN KEY (team1_id) REFERENCES Teams(team_id),
FOREIGN KEY (team2_id) REFERENCES Teams(team_id),
FOREIGN KEY (winner_id) REFERENCES Teams(team_id)
);

--insert data
INSERT INTO Teams (team_id, team_name, country, captain_id)
VALUES (1, 'Cloud9', 'USA', 1),
(2, 'Fnatic', 'Sweden', 2),
(3, 'SK Telecom T1', 'South Korea', 3),
(4, 'Team Liquid', 'USA', 4),
(5, 'G2 Esports', 'Spain', 5);
--------------------
INSERT INTO Players (player_id, player_name, team_id, role, salary)
VALUES (1, 'Shroud', 1, 'Rifler', 100000),
(2, 'JW', 2, 'AWP', 90000),
(3, 'Faker', 3, 'Mid laner', 120000),
(4, 'Stewie2k', 4, 'Rifler', 95000),
(5, 'Perkz', 5, 'Mid laner', 110000),
(6, 'Castle09', 1, 'AWP', 120000),
(7, 'Pike', 2, 'Mid Laner', 70000),
(8, 'Daron', 3, 'Rifler', 125000),
(9, 'Felix', 4, 'Mid Laner', 95000),
(10, 'Stadz', 5, 'Rifler', 98000),
(11, 'KL34', 1, 'Mid Laner', 83000),
(12, 'ForceZ', 2, 'Rifler', 130000),
(13, 'Joker', 3, 'AWP', 128000),
(14, 'Hari', 4, 'AWP', 90000),
(15, 'Wringer', 5, 'Mid laner', 105000);
--------------------
INSERT INTO Matches (match_id, team1_id, team2_id, match_date, winner_id, score_team1, score_team2)
VALUES (1, 1, 2, '2022-01-01', 1, 16, 14),
(2, 3, 5, '2022-02-01', 3, 14, 9),
(3, 4, 1, '2022-03-01', 1, 17, 13),
(4, 2, 5, '2022-04-01', 5, 13, 12),
(5, 3, 4, '2022-05-01', 3, 16, 10),
(6, 1, 3, '2022-02-01', 3, 13, 17),
(7, 2, 4, '2022-03-01', 2, 12, 9),
(8, 5, 1, '2022-04-01', 1, 11, 15),
(9, 2, 3, '2022-05-01', 3, 9, 10),
(10, 4, 5, '2022-01-01', 4, 13, 10);
