Membership_Id,Check_In_Date,Check_In_Time,Check_Out_Time
NL318,2018-02-12 ,329,365
NL318,2017-08-11 ,469,920
NL318,2018-04-29 ,506,554
NL318,2018-01-28 ,124,759
NL318,2017-10-27 ,418,1019
NL318,2017-10-18 ,608,1074
NL318,2017-11-27 ,850,954
NL318,2017-06-27 ,591,715
NL318,2018-01-14 ,777,813
NL318,2017-11-07 ,148,460
NL318,2017-04-20 ,647,1113
NL318,2018-01-10 ,476,498
NL318,2017-12-06 ,892,1197
NL318,2018-02-20 ,272,1118
NL318,2017-05-27 ,851,1111
NL318,2017-06-25 ,201,542
NL318,2017-03-24 ,236,1043
NL318,2018-02-24 ,262,438
NL318,2017-05-07 ,645,1047
NL318,2018-02-16 ,86,649
NL318,2017-01-20 ,1015,1104
NL318,2017-02-20 ,367,567
NL318,2017-04-17 ,366,649
NL318,2017-08-20 ,237,1110
NL318,2017-01-21 ,476,648
NL318,2018-01-16 ,374,1130
AOE21,2018-04-14 ,1034,1087
AOE21,2017-02-20 ,932,1181
AOE21,2017-08-02 ,1027,1055
AOE21,2017-11-06 ,968,1043
AOE21,2018-01-12 ,492,867
AOE21,2017-11-03 ,647,758
AOE21,2017-05-30 ,734,1118
AOE21,2017-07-26 ,721,1093
2PN28,2017-01-22 ,866,944
2PN28,2017-12-29 ,499,815
2PN28,2017-08-23 ,21,652
2PN28,2017-07-18 ,211,570
2PN28,2017-04-14 ,697,936
2PN28,2017-03-09 ,109,181
2PN28,2017-11-21 ,970,1153
2PN28,2017-06-15 ,652,1167
0YJ24,2017-05-01 ,485,838
0YJ24,2017-06-14 ,671,760
0YJ24,2018-04-25 ,1084,1094
0YJ24,2017-08-24 ,130,508
0YJ24,2018-04-22 ,1074,1133
0YJ24,2017-02-10 ,390,536
0YJ24,2018-04-26 ,1079,1106
0YJ24,2017-08-06 ,1157,1200
0YJ24,2018-03-13 ,1068,1102
0YJ24,2018-03-31 ,838,894
0YJ24,2017-07-26 ,362,610
0YJ24,2018-03-29 ,910,929
0YJ24,2017-10-07 ,617,964
3A08L,2017-09-17 ,189,299
3A08L,2018-03-10 ,1071,1099
3A08L,2017-05-24 ,248,1196
6W6I2,2018-02-02 ,774,952
6W6I2,2018-01-26 ,128,388
6W6I2,2018-01-23 ,177,819
6W6I2,2017-02-15 ,1017,1108
6W6I2,2017-02-19 ,843,972
6W6I2,2017-07-21 ,1126,1173
5Y28Y,2017-06-10 ,983,1198
5Y28Y,2017-04-15 ,652,916
5Y28Y,2018-02-07 ,266,715
156A7,2017-04-11 ,371,907
156A7,2018-01-13 ,779,964
156A7,2017-10-02 ,995,1188
156A7,2017-08-21 ,590,954
156A7,2017-05-17 ,196,761
156A7,2017-10-24 ,65,590
156A7,2018-03-29 ,596,917
156A7,2018-01-28 ,120,990
156A7,2017-10-13 ,899,1045
156A7,2017-07-08 ,693,1078
156A7,2018-01-04 ,1149,1168
156A7,2018-03-27 ,213,508
156A7,2017-09-09 ,638,1084
156A7,2017-05-16 ,866,1012
156A7,2017-12-31 ,552,1127
156A7,2017-04-05 ,276,308
156A7,2018-01-06 ,241,311
156A7,2017-08-27 ,759,1015
156A7,2017-01-14 ,756,859
156A7,2017-06-29 ,202,463
156A7,2017-03-30 ,432,934
156A7,2017-12-01 ,1020,1112
156A7,2017-04-09 ,1130,1164
156A7,2017-06-30 ,159,633
156A7,2017-04-09 ,78,796
156A7,2017-05-18 ,150,724
156A7,2017-05-24 ,95,413
156A7,2017-02-12 ,1055,1069
156A7,2018-04-24 ,812,989
A5N3S,2017-11-01 ,646,1102
A5N3S,2017-10-25 ,105,596
A5N3S,2017-08-15 ,1028,1197
A5N3S,2017-02-21 ,203,401
A5N3S,2018-01-01 ,812,1046
A5N3S,2017-03-13 ,604,955
A5N3S,2017-12-01 ,80,174
A5N3S,2017-01-27 ,579,695
A5N3S,2018-03-16 ,436,1091
A5N3S,2017-01-21 ,1174,1185
A5N3S,2017-10-08 ,504,1122
A5N3S,2017-02-26 ,94,525
A5N3S,2017-09-24 ,392,1179
A5N3S,2017-09-21 ,712,1032
A5N3S,2017-11-10 ,755,1144
X0643,2017-05-16 ,798,1178
X0643,2017-01-14 ,65,287
X0643,2018-01-09 ,957,1164
X0643,2018-01-11 ,1077,1121
X0643,2017-03-12 ,1026,1149
X0643,2017-06-28 ,245,963
8T75D,2017-04-02 ,18,1138
8T75D,2017-06-01 ,1027,1165
8T75D,2017-11-12 ,410,735
8T75D,2018-01-13 ,700,952
8T75D,2018-04-13 ,596,671
8T75D,2017-03-27 ,638,702
8T75D,2017-10-04 ,1138,1180
8T75D,2017-02-08 ,39,1133
8T75D,2017-08-01 ,34,712
8T75D,2017-07-20 ,777,827
8T75D,2018-01-30 ,98,1093
8T75D,2018-03-29 ,437,570
8T75D,2018-02-13 ,179,993
8T75D,2018-03-13 ,941,1044
8T75D,2018-01-23 ,726,1016
8T75D,2017-02-15 ,361,941
8T75D,2018-04-21 ,200,606
8T75D,2017-05-23 ,477,619
8T75D,2017-10-09 ,1147,1181
8T75D,2017-11-13 ,117,778
8T75D,2018-01-11 ,202,328
8T75D,2017-08-23 ,427,511
8T75D,2018-02-19 ,588,1028
R440Q,2017-09-08 ,374,1179
R440Q,2017-09-23 ,1077,1123
R440Q,2017-02-03 ,819,1096
R440Q,2018-03-29 ,809,960
R440Q,2017-12-06 ,775,790
R440Q,2017-01-21 ,856,927
R440Q,2017-11-21 ,237,262
R440Q,2017-02-20 ,79,474
R440Q,2017-12-24 ,888,1035
R440Q,2017-02-02 ,939,1104
R440Q,2017-09-04 ,279,796
R440Q,2017-09-06 ,1051,1103
R440Q,2017-06-26 ,184,1033
R440Q,2018-02-23 ,1174,1188
R440Q,2017-03-15 ,89,1021
R440Q,2018-04-26 ,806,952
R440Q,2017-10-22 ,738,779
R4J4S,2017-01-06 ,87,945
R4J4S,2018-04-25 ,745,1120
R4J4S,2018-03-05 ,772,1025
R4J4S,2017-10-07 ,503,544
R4J4S,2017-05-31 ,1046,1109
R4J4S,2017-09-14 ,1109,1150
R4J4S,2017-01-20 ,650,903
R4J4S,2017-08-21 ,492,697
R4J4S,2018-03-04 ,111,900
R4J4S,2018-03-24 ,906,1179
R4J4S,2018-03-22 ,1107,1110
K055L,2017-12-17 ,861,1086
K055L,2017-10-20 ,247,512
K055L,2017-09-10 ,321,1078
K055L,2017-10-22 ,800,872
K055L,2017-05-18 ,924,1062
K055L,2017-07-11 ,946,964
K055L,2018-02-15 ,1056,1097
K055L,2017-12-22 ,433,673
K055L,2017-08-31 ,698,1199
338FV,2017-10-29 ,279,306
338FV,2017-05-25 ,122,304
338FV,2017-06-04 ,275,375
338FV,2017-08-26 ,663,1030
338FV,2017-01-26 ,812,1120
338FV,2018-04-03 ,557,1071
338FV,2018-01-28 ,872,1052
338FV,2018-02-17 ,778,790
338FV,2018-01-19 ,794,806
338FV,2018-03-10 ,925,1029
338FV,2017-07-01 ,388,1103
338FV,2017-09-27 ,1038,1089
338FV,2017-09-21 ,615,686
338FV,2018-02-09 ,801,1159
338FV,2017-01-11 ,370,990
338FV,2017-06-26 ,664,1024
401Y4,2018-04-09 ,90,238
401Y4,2017-12-03 ,699,1111
401Y4,2017-04-08 ,816,1013
401Y4,2017-05-03 ,120,1011
401Y4,2017-01-16 ,5,888
401Y4,2017-02-04 ,681,774
401Y4,2017-12-23 ,138,635
401Y4,2017-05-27 ,675,897
401Y4,2018-04-23 ,99,664
401Y4,2018-04-10 ,911,943
401Y4,2017-08-25 ,385,871
401Y4,2017-06-20 ,404,1017
401Y4,2017-05-31 ,773,1026
401Y4,2017-02-26 ,241,595
401Y4,2017-10-10 ,733,1033
401Y4,2017-06-11 ,561,1190
401Y4,2017-05-09 ,685,1109
401Y4,2017-07-30 ,461,688
401Y4,2017-09-15 ,441,501
401Y4,2017-12-30 ,112,208
401Y4,2017-04-04 ,866,1043
DEQP8,2018-01-06 ,409,879
DEQP8,2017-12-15 ,641,1010
DEQP8,2017-01-23 ,624,806
DEQP8,2017-11-29 ,689,935
DEQP8,2017-07-27 ,227,1192
DEQP8,2018-03-11 ,66,274
DEQP8,2018-02-21 ,51,750
DEQP8,2017-12-03 ,575,777
N7F6U,2017-04-21 ,245,898
N7F6U,2017-02-22 ,203,1104
N7F6U,2017-04-25 ,68,375
N7F6U,2017-09-10 ,413,767
N7F6U,2017-03-06 ,408,755
N7F6U,2017-11-11 ,736,1150
N7F6U,2017-01-16 ,1003,1146
N7F6U,2017-08-09 ,108,1020
N7F6U,2018-02-08 ,351,760
N7F6U,2017-02-24 ,1131,1138
N7F6U,2017-08-10 ,320,1190
N7F6U,2017-10-02 ,344,972
N7F6U,2018-02-16 ,934,1080
N7F6U,2017-01-20 ,1196,1199
Z7Y82,2017-01-23 ,678,802
Z7Y82,2017-04-18 ,638,1179
Z7Y82,2017-07-23 ,903,1188
Z7Y82,2017-12-25 ,614,832
Z7Y82,2018-02-13 ,509,555
Z7Y82,2018-02-23 ,447,659
Z7Y82,2018-04-17 ,1183,1192
Z7Y82,2017-09-25 ,1089,1176
THJ81,2017-11-09 ,1043,1068
THJ81,2018-04-12 ,219,575
THJ81,2017-09-20 ,226,1040
THJ81,2018-02-23 ,129,497
THJ81,2017-12-09 ,353,734
THJ81,2017-07-04 ,976,1176
THJ81,2018-03-03 ,124,1112
THJ81,2017-05-31 ,1088,1161
THJ81,2017-07-18 ,570,879
THJ81,2017-01-16 ,686,1113
THJ81,2017-06-01 ,607,1092
THJ81,2017-12-08 ,509,610
51SWX,2017-08-09 ,1171,1189
51SWX,2017-04-13 ,532,1141
51SWX,2017-04-07 ,1124,1185
51SWX,2018-01-04 ,327,585
51SWX,2017-02-17 ,1176,1177
4TZ45,2017-10-08 ,620,935
4TZ45,2018-01-28 ,610,1176
4TZ45,2017-05-27 ,891,922
4TZ45,2017-02-13 ,197,474
5Y85X,2017-12-11 ,67,460
5Y85X,2017-09-13 ,1071,1146
5Y85X,2017-05-16 ,1033,1141
5Y85X,2017-08-14 ,10,335
5Y85X,2017-05-23 ,390,643
5Y85X,2018-01-16 ,320,1085
5Y85X,2017-05-26 ,156,824
5Y85X,2017-10-14 ,883,1140
5Y85X,2017-08-10 ,1167,1169
5Y85X,2017-04-19 ,590,877
5Y85X,2017-03-24 ,420,1171
5Y85X,2018-01-06 ,1195,1200
5Y85X,2017-07-01 ,178,358
5Y85X,2017-12-18 ,442,662
5Y85X,2017-04-17 ,221,248
5Y85X,2017-05-25 ,175,704
5Y85X,2017-01-04 ,951,1019
5Y85X,2017-06-04 ,279,374
5Y85X,2017-08-16 ,1115,1155
5Y85X,2018-02-16 ,630,1077
5Y85X,2017-09-09 ,61,801
2Q45D,2017-08-09 ,1065,1196
2Q45D,2017-10-19 ,827,830
2Q45D,2017-01-27 ,1148,1192
2Q45D,2017-10-14 ,758,935
2Q45D,2017-06-24 ,1059,1196
2Q45D,2017-12-29 ,1051,1110
2Q45D,2018-03-05 ,414,936
2Q45D,2018-01-24 ,901,1079
2Q45D,2017-02-08 ,137,1133
2Q45D,2017-12-27 ,4,1188
2Q45D,2018-03-03 ,613,671
2Q45D,2017-12-16 ,1010,1129
2Q45D,2017-09-14 ,711,853
2Q45D,2017-10-18 ,13,1015
E43E8,2017-04-26 ,158,954
E43E8,2018-01-01 ,688,1130
E43E8,2017-05-28 ,492,830
E43E8,2017-03-07 ,489,1038
E43E8,2017-11-17 ,905,1001
E43E8,2017-10-13 ,161,342
E43E8,2017-09-06 ,266,613
E43E8,2018-02-26 ,514,743
E43E8,2018-04-26 ,256,706
TXNSC,2017-03-26 ,1065,1160
TXNSC,2017-05-22 ,450,850
TXNSC,2017-02-25 ,779,931
TXNSC,2018-02-12 ,943,1014
TXNSC,2017-07-29 ,576,842
TXNSC,2017-08-10 ,213,830
TXNSC,2017-11-29 ,964,1167
TXNSC,2017-10-10 ,409,1031
TXNSC,2017-07-20 ,761,1140
TXNSC,2017-03-22 ,680,975
TXNSC,2017-06-14 ,73,691
TXNSC,2017-10-16 ,273,276
TXNSC,2017-02-07 ,568,1153
TXNSC,2017-04-27 ,909,1171
TXNSC,2017-02-21 ,930,1030
TXNSC,2017-02-20 ,655,991
TXNSC,2017-08-03 ,47,217
TXNSC,2017-04-26 ,1066,1096
TXNSC,2017-12-05 ,34,732
TXNSC,2017-12-01 ,630,842
TXNSC,2017-09-27 ,788,920
TXNSC,2017-10-09 ,806,1188
TXNSC,2017-03-25 ,44,466
TXNSC,2018-02-15 ,176,843
TXNSC,2017-04-05 ,1048,1135
TXNSC,2017-12-04 ,490,683
TXNSC,2017-10-23 ,290,623
TXNSC,2017-02-01 ,805,1137
1G2F7,2018-04-28 ,1104,1144
1G2F7,2017-12-11 ,1154,1178
1G2F7,2017-07-08 ,932,1167
1G2F7,2017-05-09 ,844,1141
1G2F7,2017-12-22 ,697,991
1G2F7,2017-06-08 ,333,605
0862D,2017-11-04 ,538,856
0862D,2018-01-17 ,723,782
0862D,2017-01-12 ,492,959
1G205,2017-08-11 ,189,358
1G205,2017-05-14 ,310,701
1G205,2017-04-10 ,1125,1163
1G205,2017-12-09 ,911,1151
1G205,2017-05-27 ,99,271
1G205,2017-04-19 ,1021,1046
1G205,2017-03-08 ,734,1020
1G205,2017-06-20 ,1017,1121
1G205,2017-11-15 ,1031,1038
6071T,2017-06-03 ,287,501
6071T,2017-07-27 ,430,869
6071T,2018-02-03 ,75,939
6071T,2017-08-16 ,606,1143
6071T,2017-10-03 ,979,1050
6071T,2017-09-20 ,440,444
6071T,2017-05-02 ,957,1180
6071T,2017-05-09 ,82,266
6071T,2018-03-29 ,763,1136
6071T,2017-03-04 ,936,1124
6071T,2017-01-16 ,1184,1200
6071T,2017-08-07 ,759,1184
6071T,2017-02-07 ,904,912
6071T,2018-04-28 ,670,759
6071T,2017-10-11 ,818,963
6071T,2017-12-31 ,1055,1163
4D5R1,2017-03-18 ,83,493
4D5R1,2017-11-17 ,757,1198
4D5R1,2018-02-02 ,956,1024
4D5R1,2018-03-28 ,976,1190
4D5R1,2017-06-07 ,811,1084
4D5R1,2017-04-07 ,320,723
4D5R1,2017-08-28 ,1110,1187
4D5R1,2018-03-04 ,85,140
4D5R1,2018-04-06 ,403,896
4D5R1,2017-09-11 ,365,1146
4D5R1,2017-05-30 ,545,921
4D5R1,2017-02-04 ,791,1122
4D5R1,2017-10-28 ,902,1175
4D5R1,2017-01-09 ,5,451
4D5R1,2017-07-14 ,244,442
4D5R1,2017-12-23 ,657,941
4D5R1,2017-11-19 ,517,595
4D5R1,2018-02-18 ,1075,1104
4D5R1,2017-03-02 ,417,545
4D5R1,2017-05-11 ,967,1041
4D5R1,2018-02-03 ,411,867
4D5R1,2017-02-04 ,437,788
4D5R1,2017-06-11 ,290,736
4D5R1,2017-12-27 ,133,904
82GA2,2017-01-01 ,431,1116
82GA2,2017-03-23 ,1163,1166
82GA2,2017-08-07 ,130,344
82GA2,2018-04-02 ,817,1104
82GA2,2017-11-14 ,529,723
82GA2,2017-12-25 ,1009,1155
82GA2,2017-07-28 ,1122,1151
82GA2,2017-12-05 ,69,724
82GA2,2017-10-31 ,1035,1150
82GA2,2017-11-26 ,258,732
82GA2,2018-03-23 ,939,1135
82GA2,2017-03-15 ,22,728
82GA2,2017-06-29 ,519,1177
82GA2,2017-12-19 ,893,1024
82GA2,2017-07-16 ,10,869
82GA2,2018-01-08 ,980,1035
82GA2,2017-11-09 ,157,669
82GA2,2017-09-10 ,410,462
W83OD,2017-05-25 ,683,1052
W83OD,2018-01-23 ,714,813
W83OD,2017-12-16 ,7,502
W83OD,2017-01-26 ,342,889
W83OD,2018-01-25 ,428,1122
12C5R,2017-11-08 ,849,982
12C5R,2017-01-30 ,284,796
12C5R,2017-12-07 ,445,900
12C5R,2018-04-29 ,141,882
12C5R,2018-01-21 ,343,950
12C5R,2017-04-20 ,427,566
12C5R,2018-01-31 ,383,546
12C5R,2017-12-29 ,1174,1189
12C5R,2017-08-05 ,1012,1015
12C5R,2017-10-29 ,471,511
12C5R,2017-03-14 ,544,726
12C5R,2018-01-14 ,473,1146
12C5R,2018-03-12 ,912,1186
12C5R,2017-05-19 ,1140,1151
12C5R,2018-01-29 ,827,1182
12C5R,2017-09-08 ,99,753
8AEAE,2017-10-08 ,564,689
8AEAE,2017-10-25 ,951,1200
8AEAE,2017-11-10 ,899,973
8AEAE,2018-02-17 ,822,1046
T80FG,2017-06-12 ,239,437
T80FG,2017-09-22 ,162,462
T80FG,2017-09-17 ,327,699
T80FG,2017-07-26 ,17,952
T80FG,2018-01-27 ,19,124
T80FG,2017-10-23 ,242,486
T80FG,2017-08-21 ,221,672
T80FG,2017-10-22 ,483,502
T80FG,2017-06-06 ,1061,1070
T80FG,2018-01-02 ,145,646
T80FG,2017-11-25 ,775,880
T80FG,2018-01-06 ,8,679
T80FG,2017-11-15 ,188,530
T80FG,2017-12-26 ,621,1121
T80FG,2017-08-17 ,704,762
T80FG,2017-07-23 ,558,641
T80FG,2017-06-12 ,36,884
T80FG,2018-01-27 ,141,276
T80FG,2017-04-07 ,499,1056
T80FG,2017-06-09 ,1191,1198
T80FG,2017-03-15 ,42,61
T80FG,2017-02-12 ,512,527
T80FG,2017-04-11 ,533,639
T80FG,2017-03-19 ,1176,1183
T80FG,2018-04-17 ,179,829
T80FG,2018-02-16 ,515,945
T80FG,2017-12-27 ,413,569
T80FG,2018-01-17 ,585,1020
0CR33,2017-10-19 ,970,1190
0CR33,2017-09-25 ,1166,1178
0CR33,2017-07-21 ,788,918
0CR33,2017-08-29 ,728,728
0CR33,2017-11-28 ,1070,1146
0CR33,2017-03-12 ,630,746
0CR33,2017-04-06 ,619,1003
0CR33,2017-08-18 ,375,1140
4JX11,2017-11-27 ,880,1055
4JX11,2017-01-10 ,402,1043
4JX11,2017-05-03 ,302,1117
4JX11,2018-01-05 ,810,922
4JX11,2017-06-29 ,585,781
4JX11,2017-05-13 ,208,739
4JX11,2017-10-09 ,379,531
4JX11,2017-11-08 ,641,830
4JX11,2018-04-16 ,522,995
4JX11,2018-04-27 ,405,567
4JX11,2017-02-21 ,660,936
4JX11,2017-06-04 ,601,694
4JX11,2017-02-03 ,558,1047
4JX11,2017-07-01 ,831,879
4JX11,2017-02-11 ,495,738
4JX11,2018-04-18 ,685,994
4JX11,2017-11-22 ,655,710
4JX11,2018-03-24 ,855,1177
4JX11,2017-01-18 ,366,755
4JX11,2017-11-18 ,1149,1173
4JX11,2017-08-21 ,536,658
4JX11,2017-11-29 ,462,513
4JX11,2017-06-04 ,964,971
4JX11,2017-02-07 ,594,760
4JX11,2017-11-01 ,925,1180
4JX11,2017-05-31 ,795,1118
4JX11,2017-03-15 ,708,1144
4JX11,2017-08-31 ,882,1158
GHDP5,2017-08-07 ,1087,1124
GHDP5,2017-12-25 ,764,832
GHDP5,2017-03-02 ,1031,1043
GHDP5,2017-11-13 ,989,1011
GHDP5,2017-02-15 ,1081,1145
GHDP5,2017-07-03 ,956,975
GHDP5,2018-04-24 ,98,512
GHDP5,2018-04-29 ,964,1002
GHDP5,2017-02-01 ,745,875
D8FT1,2017-02-17 ,579,848
D8FT1,2017-04-08 ,969,1068
D8FT1,2017-06-01 ,835,888
D8FT1,2017-10-22 ,340,1125
D8FT1,2017-08-11 ,997,1004
D8FT1,2017-11-07 ,43,580
D8FT1,2017-03-19 ,193,1027
D8FT1,2017-01-05 ,1094,1134
D8FT1,2017-11-06 ,1041,1145
D8FT1,2017-01-20 ,1030,1034
D8FT1,2017-02-10 ,542,1003
D8FT1,2017-09-17 ,20,284
D8FT1,2018-04-23 ,1063,1154
D8FT1,2017-02-25 ,177,470
0U51D,2017-03-09 ,593,938
0U51D,2018-02-24 ,678,1036
0U51D,2017-05-31 ,559,608
0U51D,2017-03-06 ,457,719
0U51D,2018-05-01 ,88,218
355UU,2018-04-18 ,964,979
355UU,2017-01-02 ,749,813
355UU,2017-05-13 ,1031,1177
355UU,2018-03-30 ,767,1138
V5260,2018-04-26 ,1088,1175
V5260,2017-08-04 ,55,1098
V5260,2018-01-23 ,220,865
V5260,2017-09-08 ,491,807
V5260,2018-02-28 ,673,750
V5260,2017-03-27 ,673,785
V5260,2017-07-05 ,208,941
V5260,2017-06-06 ,557,650
6K7I8,2017-03-28 ,541,854
6K7I8,2018-04-29 ,74,1032
6K7I8,2017-05-30 ,1088,1184
6K7I8,2017-09-26 ,982,1102
6K7I8,2017-01-10 ,1038,1110
6K7I8,2017-11-25 ,957,1160
6K7I8,2017-04-27 ,177,445
6K7I8,2017-02-20 ,501,1067
6K7I8,2017-06-30 ,407,1160
6K7I8,2017-10-06 ,818,1077
6K7I8,2018-04-11 ,612,903
KE0FH,2018-02-09 ,138,671
KE0FH,2017-09-02 ,848,876
KE0FH,2017-02-04 ,1110,1160
KE0FH,2017-08-23 ,461,475
KE0FH,2017-06-06 ,719,923
KE0FH,2017-02-20 ,563,818
KE0FH,2017-01-07 ,645,1107
KE0FH,2017-01-28 ,784,1108
KE0FH,2017-08-30 ,701,1189
KE0FH,2017-12-03 ,497,1080
KE0FH,2018-01-01 ,552,878
KE0FH,2017-08-05 ,470,638
KE0FH,2017-03-29 ,858,878
KE0FH,2017-08-02 ,1020,1060
KE0FH,2017-11-04 ,737,831
KE0FH,2017-01-01 ,375,447
KE0FH,2017-02-04 ,198,218
KE0FH,2018-04-18 ,1001,1013
KE0FH,2018-03-20 ,1059,1076
KE0FH,2017-08-24 ,250,787
KE0FH,2018-01-23 ,678,808
KE0FH,2017-03-06 ,614,914
133ED,2018-03-03 ,482,814
133ED,2018-04-05 ,23,537
133ED,2017-03-17 ,1170,1196
133ED,2017-10-15 ,367,794
133ED,2018-04-22 ,86,787
133ED,2017-09-14 ,1121,1159
133ED,2018-04-16 ,666,755
133ED,2017-03-07 ,1102,1166
133ED,2017-06-11 ,490,591
133ED,2017-06-25 ,818,1150
133ED,2017-10-14 ,31,1135
133ED,2017-05-31 ,1093,1100
133ED,2018-01-14 ,640,761
133ED,2017-02-03 ,11,1127
133ED,2018-04-30 ,1197,1200
2B01Y,2017-04-11 ,89,920
2B01Y,2017-01-25 ,398,591
2B01Y,2017-11-08 ,77,523
2B01Y,2018-02-05 ,857,1107
2B01Y,2018-03-28 ,295,396
2B01Y,2017-07-19 ,1062,1098
2B01Y,2017-04-13 ,390,912
2B01Y,2017-04-09 ,53,532
2B01Y,2017-06-10 ,703,848
2B01Y,2017-08-24 ,1057,1129
2B01Y,2017-09-24 ,715,837
2B01Y,2017-09-18 ,606,981
2B01Y,2018-04-28 ,187,484
2B01Y,2018-03-12 ,1131,1131
2B01Y,2017-07-28 ,789,812
2B01Y,2017-03-31 ,862,1100
2B01Y,2017-06-11 ,797,930
8SJ77,2017-07-13 ,826,973
8SJ77,2017-05-09 ,1036,1175
8SJ77,2017-12-24 ,227,500
8SJ77,2017-06-07 ,687,729
8SJ77,2017-11-28 ,256,324
8SJ77,2017-06-17 ,1125,1189
8SJ77,2017-06-03 ,1087,1142
8SJ77,2017-02-28 ,1169,1172
8SJ77,2018-01-11 ,719,1003
8SJ77,2018-04-19 ,948,1197
8SJ77,2017-11-07 ,164,620
7I67C,2017-04-15 ,601,676
7I67C,2018-03-15 ,890,947
0F76P,2018-03-07 ,979,1011
0F76P,2018-02-11 ,62,988
0F76P,2017-10-07 ,710,737
0F76P,2017-05-26 ,232,1150
0F76P,2018-03-09 ,1055,1197
ZAB1A,2017-10-18 ,803,991
ZAB1A,2017-01-17 ,59,378
ZAB1A,2017-12-24 ,229,1132
ZAB1A,2017-11-05 ,720,776
ZAB1A,2017-01-27 ,459,798
ZAB1A,2017-07-30 ,81,212
ZAB1A,2017-04-03 ,4,12
ZAB1A,2018-03-19 ,44,61
ZAB1A,2017-05-24 ,641,763
ZAB1A,2017-09-24 ,1079,1137
ZAB1A,2018-04-28 ,1050,1157
ZAB1A,2017-03-21 ,318,734
W5YVL,2017-01-20 ,855,1124
W5YVL,2017-09-07 ,113,802
W5YVL,2018-04-27 ,502,1033
ITWMV,2017-02-22 ,171,563
ITWMV,2017-06-05 ,234,1081
ITWMV,2017-06-17 ,1163,1199
ITWMV,2017-01-13 ,546,926
ITWMV,2017-01-07 ,212,447
ITWMV,2017-04-10 ,141,231
ITWMV,2017-09-07 ,1072,1142
ITWMV,2017-04-13 ,556,848
ITWMV,2017-07-03 ,926,1117
ITWMV,2017-11-09 ,1176,1188
ITWMV,2018-01-27 ,795,907
ITWMV,2017-07-11 ,1191,1199
ITWMV,2017-03-28 ,1177,1193
ITWMV,2017-10-19 ,636,1086
ITWMV,2017-10-14 ,449,998
ITWMV,2017-02-16 ,447,531
ITWMV,2018-01-31 ,960,976
ITWMV,2017-06-14 ,222,1193
ITWMV,2017-01-08 ,1085,1116
ITWMV,2018-03-02 ,649,744
ITWMV,2018-04-01 ,937,1116
ITWMV,2017-12-30 ,704,746
ITWMV,2017-08-17 ,21,1048
ITWMV,2018-03-30 ,718,915
ITWMV,2017-08-16 ,454,1181
44VO2,2017-11-19 ,411,727
44VO2,2018-01-25 ,479,591
44VO2,2017-10-30 ,98,384
44VO2,2017-06-12 ,826,870
44VO2,2017-03-30 ,462,924
44VO2,2017-07-25 ,683,978
44VO2,2017-10-26 ,1160,1170
44VO2,2017-03-20 ,508,886
44VO2,2017-04-29 ,626,639
44VO2,2017-07-11 ,881,965
07QP3,2017-05-17 ,401,598
D2KY6,2018-01-05 ,769,804
D2KY6,2017-12-09 ,266,1105
D2KY6,2017-11-20 ,797,803
D2KY6,2017-05-18 ,1194,1199
D2KY6,2018-01-15 ,746,836
D2KY6,2017-08-05 ,288,466
D2KY6,2017-05-15 ,463,1148
D2KY6,2017-07-27 ,226,643
D2KY6,2018-01-23 ,707,1038
D2KY6,2017-02-21 ,78,186
D2KY6,2018-04-21 ,769,1134
D2KY6,2017-06-29 ,769,1173
D2KY6,2017-06-04 ,1153,1190
D2KY6,2017-11-07 ,623,924
5O6SK,2018-03-25 ,785,1179
NJ876,2018-04-25 ,553,1052
NJ876,2017-03-25 ,635,1033
NJ876,2017-03-15 ,670,753
NJ876,2017-03-14 ,708,1023
NJ876,2018-03-30 ,410,533
NJ876,2017-08-06 ,975,1058
NJ876,2017-10-03 ,175,356
NJ876,2018-03-18 ,797,1129
NJ876,2017-01-24 ,382,716
NJ876,2017-11-20 ,226,282
NJ876,2017-10-12 ,1007,1058
NJ876,2017-05-21 ,1175,1187
NJ876,2017-07-20 ,264,1136
NJ876,2017-11-22 ,217,759
NJ876,2018-02-22 ,865,900
NJ876,2017-06-27 ,302,1040
NJ876,2017-08-07 ,466,808
NJ876,2017-02-24 ,430,1150
NJ876,2017-03-03 ,464,1060
NJ876,2017-03-01 ,1112,1156
NJ876,2017-08-08 ,391,841
7788A,2018-02-12 ,675,881
7788A,2017-12-14 ,233,772
7788A,2018-02-08 ,1118,1145
7788A,2017-07-04 ,890,910
7788A,2017-05-23 ,312,788
7788A,2017-06-18 ,1126,1170
7788A,2018-01-18 ,1173,1174
7788A,2017-12-12 ,756,1195
7788A,2017-03-09 ,554,1171
7788A,2017-06-27 ,220,730
7788A,2017-08-20 ,1016,1151
7788A,2018-01-16 ,1193,1193
7788A,2017-06-15 ,300,591
7788A,2017-11-22 ,230,1073
7788A,2017-05-10 ,474,966
7788A,2017-08-08 ,760,990
7788A,2017-05-20 ,993,1194
7788A,2017-03-06 ,453,510
7788A,2017-06-19 ,180,195
7788A,2018-03-15 ,121,738
7788A,2017-05-28 ,393,912
7788A,2017-02-05 ,896,911
7788A,2017-07-12 ,238,1074
7788A,2017-10-14 ,330,865
7788A,2018-01-06 ,443,1018
7788A,2017-11-26 ,596,671
7788A,2018-04-19 ,575,632
7788A,2018-05-01 ,532,705
7788A,2017-05-13 ,248,995
GKZV7,2017-05-29 ,181,1127
GKZV7,2017-01-11 ,1188,1198
GKZV7,2017-08-16 ,274,365
GKZV7,2017-10-14 ,655,878
GKZV7,2017-03-22 ,254,604
GKZV7,2018-04-15 ,712,819
GKZV7,2017-10-08 ,390,422
GKZV7,2017-06-01 ,981,1181
PEL8G,2018-02-18 ,131,602
PEL8G,2017-08-14 ,634,960
T2JF2,2018-03-26 ,523,1163
T2JF2,2018-01-24 ,284,1074
T2JF2,2017-12-25 ,1193,1194
T2JF2,2018-04-10 ,967,999
T2JF2,2017-09-27 ,773,904
43N05,2017-04-26 ,105,320
43N05,2017-11-10 ,95,677
43N05,2017-01-27 ,436,756
43N05,2017-03-02 ,353,430
43N05,2017-08-30 ,1156,1179
43N05,2018-04-24 ,230,709
43N05,2017-05-24 ,333,1057
43N05,2018-01-22 ,867,1178
43N05,2017-06-03 ,636,870
43N05,2017-09-11 ,522,938
43N05,2017-04-05 ,464,694
43N05,2017-11-22 ,1005,1160
43N05,2017-06-12 ,796,1161
43N05,2018-04-06 ,529,599
43N05,2017-01-22 ,134,760
43N05,2018-03-29 ,773,1147
43N05,2017-08-01 ,321,1200
43N05,2017-12-18 ,982,1011
43N05,2017-04-02 ,1093,1167
43N05,2018-02-24 ,1059,1157
43N05,2017-04-27 ,322,749
43N05,2017-01-31 ,760,1161
43N05,2017-03-17 ,941,1092
43N05,2017-06-09 ,859,889
43N05,2017-02-25 ,724,1014
HI1Q5,2018-01-14 ,1045,1056
HI1Q5,2017-11-06 ,1079,1109
HI1Q5,2017-02-16 ,313,784
HI1Q5,2017-07-11 ,21,146
HI1Q5,2018-03-01 ,626,637
HI1Q5,2018-01-26 ,237,335
HI1Q5,2017-06-17 ,482,1158
HI1Q5,2017-08-13 ,892,981
HI1Q5,2017-10-25 ,103,1000
HI1Q5,2018-03-28 ,691,1106
HI1Q5,2017-03-18 ,835,1090
HI1Q5,2018-03-09 ,563,643
HI1Q5,2017-09-08 ,598,922
HI1Q5,2017-03-27 ,761,777
HI1Q5,2017-12-16 ,862,874
HI1Q5,2017-05-15 ,577,1080
HI1Q5,2017-01-18 ,179,569
JQ162,2018-01-30 ,1178,1195
JQ162,2017-10-03 ,374,1083
JQ162,2017-12-02 ,177,956
JQ162,2017-04-03 ,134,1032
JQ162,2017-01-20 ,310,368
JQ162,2018-01-25 ,618,656
JQ162,2018-01-18 ,1001,1130
JQ162,2018-01-16 ,1087,1135
JQ162,2017-02-03 ,674,978
JQ162,2018-04-28 ,865,1110
JQ162,2018-02-24 ,543,610
JQ162,2017-08-30 ,224,1075
JQ162,2017-05-28 ,374,519
JQ162,2017-12-04 ,791,1143
JQ162,2018-04-30 ,137,493
JQ162,2017-02-01 ,217,369
JQ162,2017-07-09 ,213,265
JQ162,2018-01-28 ,732,995
JQ162,2017-09-28 ,1134,1176
JQ162,2017-06-10 ,943,1092
JQ162,2017-03-03 ,1139,1172
JQ162,2018-02-12 ,893,935
402DQ,2017-05-04 ,443,724
402DQ,2017-12-10 ,437,567
402DQ,2017-08-10 ,852,1176
402DQ,2017-08-04 ,383,546
402DQ,2017-04-01 ,190,257
33378,2017-07-07 ,431,456
33378,2017-01-11 ,829,1110
33378,2017-11-03 ,927,979
33378,2018-03-10 ,364,378
33378,2017-04-15 ,36,388
33378,2017-12-17 ,723,761
33378,2017-10-20 ,673,894
33378,2017-02-09 ,903,944
33378,2017-09-22 ,391,1138
33378,2017-12-26 ,549,762
33378,2017-05-05 ,904,1114
33378,2017-05-20 ,758,798
33378,2018-02-14 ,647,786
33378,2017-02-20 ,436,527
1RSYJ,2017-01-08 ,15,219
1RSYJ,2017-06-19 ,1063,1063
1RSYJ,2017-03-18 ,123,1037
1RSYJ,2017-08-11 ,1012,1049
1RSYJ,2018-04-04 ,164,328
1RSYJ,2017-04-03 ,996,1122
1RSYJ,2017-05-31 ,638,698
31A6U,2017-05-06 ,993,1060
31A6U,2018-01-01 ,859,892
31A6U,2017-08-11 ,976,991
31A6U,2017-08-31 ,38,389
31A6U,2017-04-10 ,586,1087
31A6U,2017-02-25 ,1073,1133
31A6U,2018-03-14 ,398,1104
31A6U,2017-09-12 ,671,950
31A6U,2017-03-20 ,519,1186
31A6U,2017-01-04 ,276,1197
31A6U,2018-01-24 ,902,1162
31A6U,2017-09-27 ,15,825
31A6U,2018-02-13 ,12,953
31A6U,2018-02-27 ,1061,1098
31A6U,2017-09-26 ,242,459
31A6U,2018-04-08 ,1033,1089
31A6U,2017-11-27 ,63,731
31A6U,2018-01-31 ,757,1073
31A6U,2017-05-13 ,246,1145
31A6U,2017-03-13 ,120,1105
7BQKU,2017-01-15 ,508,1117
7BQKU,2017-03-03 ,1098,1109
7BQKU,2017-04-08 ,660,774
7BQKU,2018-03-04 ,303,519
7BQKU,2017-11-23 ,553,1013
7BQKU,2017-03-02 ,64,1182
7BQKU,2017-07-17 ,591,658
7BQKU,2017-07-30 ,929,1161
7BQKU,2017-10-04 ,801,947
7BQKU,2018-04-20 ,847,1144
7BQKU,2017-09-03 ,144,1165
7BQKU,2017-02-03 ,852,1035
7BQKU,2017-06-19 ,236,532
7BQKU,2017-12-07 ,904,1037
7BQKU,2017-08-10 ,188,762
7BQKU,2017-05-20 ,71,460
7BQKU,2017-07-20 ,1061,1079
7BQKU,2017-11-15 ,382,822
UK1F2,2017-06-26 ,788,1184
UK1F2,2018-04-12 ,225,450
UK1F2,2017-07-24 ,83,803
UK1F2,2017-03-09 ,877,1049
UK1F2,2018-02-12 ,382,859
UK1F2,2018-01-09 ,344,518
UK1F2,2017-11-22 ,115,722
UK1F2,2018-03-11 ,685,820
UK1F2,2017-11-17 ,201,536
UK1F2,2018-03-08 ,705,832
UK1F2,2018-01-22 ,643,759
UK1F2,2018-04-17 ,381,741
UK1F2,2017-05-25 ,380,831
UK1F2,2017-07-29 ,857,980
UK1F2,2017-09-08 ,1055,1199
UK1F2,2017-12-12 ,628,989
UK1F2,2018-02-26 ,296,917
UK1F2,2017-11-16 ,188,602
UK1F2,2018-01-25 ,9,465
UK1F2,2017-06-24 ,92,762
UK1F2,2018-04-24 ,441,952
UK1F2,2017-04-14 ,1076,1164
UK1F2,2017-12-11 ,988,1076
UK1F2,2018-03-17 ,411,830
UK1F2,2017-10-11 ,79,105
UK1F2,2017-06-13 ,871,911
UK1F2,2017-01-28 ,655,693
UK1F2,2017-08-28 ,419,758
UK1F2,2017-08-10 ,694,757
NB10J,2017-12-12 ,397,443
NB10J,2017-05-04 ,140,675
NB10J,2017-05-12 ,389,933
NB10J,2017-08-27 ,527,710
NB10J,2017-11-01 ,105,155
NB10J,2017-02-27 ,268,910
NB10J,2017-07-26 ,890,1157
NB10J,2018-03-12 ,534,614
NB10J,2017-01-23 ,54,262
NB10J,2017-02-18 ,328,541
NB10J,2017-11-02 ,43,192
NB10J,2017-05-07 ,949,1059
I827Y,2017-10-08 ,612,1158
I827Y,2017-01-02 ,270,469
I827Y,2018-02-24 ,401,801
I827Y,2018-04-29 ,125,460
I827Y,2017-11-01 ,382,860
I827Y,2018-01-29 ,957,967
I827Y,2018-03-02 ,1075,1185
I827Y,2017-11-04 ,767,995
I827Y,2017-02-01 ,1141,1169
I827Y,2018-04-13 ,329,972
I827Y,2018-02-04 ,812,878
I827Y,2017-07-06 ,607,944
I827Y,2017-02-09 ,502,740
I827Y,2017-03-28 ,373,633
I827Y,2017-04-05 ,645,821
I827Y,2017-04-06 ,498,1008
I827Y,2018-03-19 ,77,350
I827Y,2017-07-13 ,1009,1178
I827Y,2017-11-23 ,627,924
I827Y,2018-02-03 ,82,1087
I827Y,2017-05-06 ,763,920
I827Y,2017-09-26 ,1119,1176
I827Y,2017-08-16 ,148,732
O86WU,2018-04-06 ,508,1122
O86WU,2018-02-25 ,688,1085
O86WU,2017-05-25 ,72,567
O86WU,2017-08-08 ,1179,1200
O86WU,2018-04-01 ,433,796
O86WU,2017-05-26 ,132,269
30Y1F,2017-05-01 ,515,971
30Y1F,2018-02-01 ,736,976
30Y1F,2017-07-10 ,48,380
30Y1F,2018-04-08 ,38,903
30Y1F,2017-07-29 ,1066,1129
30Y1F,2017-11-12 ,1145,1188
30Y1F,2017-07-10 ,187,687
30Y1F,2018-03-10 ,396,601
30Y1F,2018-02-20 ,1089,1141
30Y1F,2017-06-18 ,914,964
30Y1F,2018-02-16 ,1101,1137
30Y1F,2017-09-09 ,691,957
8G0Z2,2017-02-16 ,1084,1153
8G0Z2,2017-09-14 ,738,1112
8G0Z2,2017-07-10 ,698,1087
8G0Z2,2017-10-31 ,373,880
8G0Z2,2017-12-24 ,1175,1192
8G0Z2,2017-02-21 ,799,971
8G0Z2,2017-07-07 ,88,971
8G0Z2,2017-04-03 ,493,942
8G0Z2,2017-11-08 ,1102,1167
8G0Z2,2017-08-16 ,629,685
OBU3O,2017-10-21 ,523,955
OBU3O,2017-08-12 ,622,1124
OBU3O,2017-04-15 ,805,818
OBU3O,2017-08-11 ,292,401
OBU3O,2018-03-29 ,593,898
OBU3O,2017-05-17 ,313,1079
OBU3O,2017-04-03 ,484,716
OBU3O,2018-04-07 ,699,1161
OBU3O,2017-03-15 ,260,1124
OBU3O,2017-05-09 ,581,968
OBU3O,2017-01-29 ,174,828
OBU3O,2017-04-06 ,1169,1196
OBU3O,2017-08-09 ,778,1190
OBU3O,2017-10-22 ,331,757
OBU3O,2017-06-19 ,684,1137
OBU3O,2018-01-26 ,1156,1167
OBU3O,2017-05-07 ,499,977
OBU3O,2017-11-19 ,327,448
OBU3O,2017-04-22 ,864,1149
I0UIP,2017-01-24 ,687,1011
I0UIP,2017-03-23 ,670,1184
I0UIP,2017-03-26 ,620,1131
I0UIP,2017-10-27 ,121,368
I0UIP,2017-04-24 ,1023,1145
I0UIP,2018-03-28 ,1091,1165
I0UIP,2018-03-12 ,107,1075
I0UIP,2018-01-26 ,746,1046
I0UIP,2017-01-25 ,331,1117
I0UIP,2017-10-24 ,564,1154
I0UIP,2017-05-26 ,993,1004
I0UIP,2017-03-04 ,735,1084
I0UIP,2017-07-27 ,880,1039
I0UIP,2017-12-03 ,891,983
I0UIP,2017-02-01 ,1143,1184
I0UIP,2017-10-07 ,95,167
I0UIP,2017-11-14 ,851,1149
I0UIP,2017-04-02 ,150,655
I0UIP,2017-09-06 ,1019,1186
I0UIP,2017-12-01 ,32,846
I0UIP,2017-09-14 ,107,949
I0UIP,2017-07-11 ,777,1086
I0UIP,2017-01-10 ,632,1144
I0UIP,2017-12-03 ,123,247
I0UIP,2018-01-23 ,128,789
I0UIP,2017-04-19 ,216,674
I0UIP,2017-06-21 ,235,413
I0UIP,2017-09-12 ,292,485
JY514,2017-02-21 ,776,1115
JY514,2017-02-09 ,592,597
JY514,2017-09-28 ,258,979
JY514,2018-03-30 ,1091,1102
JY514,2018-01-07 ,465,1024
JY514,2018-04-01 ,364,1087
JY514,2017-10-26 ,56,810
JY514,2017-06-30 ,204,947
JY514,2017-08-23 ,319,640
JY514,2017-10-26 ,1005,1127
JY514,2017-08-09 ,1088,1189
JY514,2017-07-26 ,589,832
JY514,2017-01-08 ,1048,1082
JY514,2017-03-10 ,4,1155
JY514,2018-03-25 ,794,931
JY514,2017-11-17 ,829,888
JY514,2017-08-29 ,684,823
JY514,2017-08-09 ,710,906
JY514,2017-08-24 ,909,1068
JY514,2018-03-23 ,642,656
JY514,2017-06-19 ,222,480
JY514,2018-03-18 ,1027,1048
JY514,2017-08-26 ,1122,1145
E18IN,2018-01-03 ,280,608
E18IN,2018-04-02 ,294,1023
E18IN,2018-03-09 ,512,583
E18IN,2017-07-12 ,1014,1145
E18IN,2017-03-14 ,1189,1192
E18IN,2018-01-20 ,1181,1194
E18IN,2017-08-03 ,166,574
E18IN,2017-11-26 ,848,1067
E18IN,2017-11-17 ,1189,1190
E18IN,2018-04-18 ,544,1170
E18IN,2017-08-24 ,586,1029
E18IN,2017-06-27 ,243,1134
E18IN,2017-05-30 ,28,521
E18IN,2017-01-07 ,662,1186
E18IN,2017-01-11 ,894,959
E18IN,2017-09-10 ,235,451
E18IN,2017-11-21 ,394,984
E18IN,2018-03-18 ,673,810
E18IN,2017-03-01 ,300,842
E18IN,2017-06-18 ,964,1111
E18IN,2018-02-15 ,756,1005
E18IN,2018-03-15 ,1138,1170
E18IN,2017-06-06 ,442,979
E18IN,2018-01-05 ,9,1074
E18IN,2017-11-20 ,1147,1190
E18IN,2017-11-10 ,605,1085
E18IN,2017-12-04 ,697,1004
E18IN,2017-05-30 ,1113,1173
3OOJ1,2018-02-15 ,954,1050
3OOJ1,2017-08-30 ,896,1085
3OOJ1,2017-01-21 ,885,978
3OOJ1,2018-01-12 ,823,1073
3OOJ1,2017-06-07 ,1156,1192
3OOJ1,2017-05-07 ,953,1052
3OOJ1,2017-08-31 ,153,1156
3OOJ1,2018-02-05 ,955,989
3OOJ1,2017-07-18 ,32,283
3OOJ1,2017-06-15 ,1194,1199
3OOJ1,2018-01-20 ,465,743
N36I5,2017-05-18 ,421,436
N36I5,2017-07-01 ,1072,1133
N36I5,2017-06-08 ,733,868
N36I5,2017-07-12 ,686,796
N36I5,2017-03-07 ,29,594
N36I5,2017-11-22 ,330,788
N36I5,2017-08-28 ,692,1116
N36I5,2017-10-07 ,667,759
N36I5,2018-04-19 ,191,919
N36I5,2017-04-23 ,410,548
C84S4,2017-10-09 ,615,775
C84S4,2018-04-12 ,1004,1122
C84S4,2017-11-16 ,873,1036
C84S4,2017-03-01 ,522,524
C84S4,2017-08-02 ,1155,1167
C84S4,2017-01-31 ,226,947
C84S4,2017-09-13 ,987,1071
C84S4,2017-10-31 ,228,573
C84S4,2017-06-09 ,383,602
C84S4,2017-01-22 ,923,1024
C84S4,2017-03-11 ,859,1151
C84S4,2018-04-11 ,827,1021
C84S4,2017-12-31 ,1085,1158
C84S4,2018-02-07 ,1102,1181
C84S4,2017-05-04 ,88,809
C84S4,2017-11-04 ,736,1181
C84S4,2017-12-03 ,929,1096
C84S4,2017-11-07 ,334,1071
C84S4,2017-05-25 ,828,1000
C84S4,2017-11-09 ,1105,1120
C84S4,2018-02-20 ,843,1169
C84S4,2017-10-11 ,885,1154
C84S4,2017-03-09 ,830,846
C84S4,2017-04-30 ,688,1023
C84S4,2018-04-25 ,1180,1191
C84S4,2017-10-29 ,244,568
C84S4,2017-01-01 ,580,864
C84S4,2017-01-12 ,1054,1131
C84S4,2017-12-24 ,720,1069
C84S4,2018-04-15 ,736,745
B5F34,2017-01-28 ,63,838
B5F34,2017-11-27 ,796,866
B5F34,2017-07-19 ,1058,1088
B5F34,2018-02-13 ,741,851
B5F34,2017-07-06 ,655,1183
B5F34,2017-07-27 ,308,373
B5F34,2017-05-31 ,225,1150
B5F34,2018-04-05 ,924,1195
B5F34,2017-06-03 ,682,840
B5F34,2017-07-21 ,1102,1130
B5F34,2017-02-27 ,877,1129
B5F34,2017-02-17 ,635,734
B5F34,2017-05-27 ,107,864
B5F34,2017-03-15 ,885,1164
B5F34,2017-05-13 ,1049,1130
B5F34,2017-04-12 ,1137,1194
6NAWM,2017-03-03 ,316,533
6NAWM,2017-11-06 ,561,1187
6NAWM,2017-11-27 ,313,828
71BOE,2017-01-21 ,604,1085
71BOE,2017-10-09 ,767,995
71BOE,2017-08-02 ,807,822
71BOE,2017-03-03 ,208,209
71BOE,2017-09-30 ,559,987
71BOE,2017-12-24 ,1111,1155
71BOE,2017-01-31 ,44,179
71BOE,2017-10-31 ,971,1169
CGW3X,2017-11-11 ,663,1185
CGW3X,2017-11-07 ,1163,1181
CGW3X,2017-11-10 ,568,693
CGW3X,2017-06-09 ,259,395
CGW3X,2017-07-14 ,195,977
CGW3X,2017-04-30 ,42,919
CGW3X,2018-03-06 ,1068,1190
CGW3X,2017-10-08 ,594,597
CGW3X,2018-03-20 ,785,931
CGW3X,2017-09-21 ,707,755
CGW3X,2018-02-19 ,909,1102
CGW3X,2017-02-03 ,839,925
CGW3X,2017-06-14 ,355,850
CGW3X,2017-02-26 ,56,116
CGW3X,2018-04-26 ,407,890
CGW3X,2017-03-23 ,545,991
CGW3X,2017-10-30 ,932,1063
CGW3X,2018-01-12 ,349,825
CGW3X,2017-08-29 ,710,1019
CGW3X,2018-04-24 ,437,1030
CGW3X,2017-01-31 ,64,265
CGW3X,2017-09-23 ,852,930
CGW3X,2017-11-19 ,186,1170
CGW3X,2017-11-02 ,1184,1190
CGW3X,2017-05-08 ,1071,1133
CGW3X,2017-02-26 ,1181,1198
3487,2017-08-02 ,158,832
3487,2017-05-08 ,711,1011
3487,2018-02-18 ,225,616
3487,2017-09-16 ,231,899
3487,2017-07-09 ,652,1163
3487,2017-06-29 ,884,893
3487,2017-06-15 ,779,956
3487,2018-01-05 ,676,920
3487,2017-05-15 ,397,1128
3487,2018-01-23 ,71,960
3487,2017-07-21 ,1104,1175
3487,2017-04-01 ,82,301
3487,2017-05-29 ,422,717
3487,2017-08-04 ,174,760
3487,2017-08-04 ,723,1125
3487,2017-05-20 ,97,304
3487,2018-04-24 ,1003,1086
3487,2017-10-17 ,724,823
3487,2017-10-05 ,235,913
3487,2017-11-20 ,381,1199
3487,2018-01-02 ,215,851
3487,2018-03-08 ,176,1111
3487,2017-05-11 ,44,755
3487,2017-12-03 ,819,1187
7MRZ6,2017-08-31 ,453,798
7MRZ6,2017-05-26 ,541,966
7MRZ6,2017-03-11 ,139,791
7MRZ6,2017-07-27 ,707,1114
7MRZ6,2018-03-11 ,847,908
7MRZ6,2017-04-25 ,177,639
7MRZ6,2017-09-26 ,484,644
7MRZ6,2017-08-23 ,643,845
7MRZ6,2017-05-18 ,730,855
72H2C,2017-01-06 ,439,621
72H2C,2017-09-20 ,717,798
72H2C,2017-04-29 ,247,665
72H2C,2018-04-19 ,442,521
72H2C,2017-12-02 ,872,971
72H2C,2018-01-03 ,43,46
72H2C,2017-08-27 ,1154,1174
72H2C,2017-04-28 ,140,488
72H2C,2017-06-07 ,157,911
72H2C,2018-03-19 ,412,869
72H2C,2017-06-14 ,487,855
FA4N5,2017-06-05 ,92,582
FA4N5,2018-02-04 ,334,803
FA4N5,2018-03-16 ,1147,1175
FA4N5,2018-03-03 ,712,939
FA4N5,2017-09-19 ,1169,1188
FA4N5,2017-10-31 ,572,872
FA4N5,2018-03-23 ,157,1083
FA4N5,2017-02-02 ,567,824
FA4N5,2017-05-10 ,20,67
FA4N5,2017-08-09 ,1101,1102
FA4N5,2018-04-30 ,440,718
FA4N5,2017-07-03 ,241,462
FA4N5,2017-11-17 ,39,1147
FA4N5,2017-01-10 ,267,289
FA4N5,2018-04-03 ,1048,1167
FA4N5,2017-02-21 ,102,451
FA4N5,2017-04-05 ,244,1189
FA4N5,2017-02-24 ,52,247
FA4N5,2017-03-18 ,393,413
3718M,2017-07-19 ,466,691
3718M,2017-04-02 ,549,721
3718M,2018-04-12 ,215,673
3718M,2017-12-23 ,693,1144
3718M,2018-02-10 ,428,691
3718M,2017-12-22 ,122,994
3718M,2017-03-16 ,1067,1085
3718M,2018-04-22 ,868,1011
3718M,2017-03-19 ,952,1110
3718M,2017-07-02 ,122,754
3718M,2017-07-09 ,215,598
3718M,2017-04-17 ,730,878
3718M,2017-11-14 ,321,826
3718M,2017-02-12 ,738,1198
3718M,2017-04-03 ,449,694
3718M,2018-01-16 ,579,637
3F8N0,2018-04-26 ,1183,1187
3F8N0,2017-08-16 ,193,258
3F8N0,2017-12-08 ,318,925
3F8N0,2018-01-25 ,432,902
3F8N0,2017-07-20 ,298,625
3F8N0,2017-03-05 ,199,383
3F8N0,2017-04-18 ,241,652
3F8N0,2017-05-19 ,148,891
3F8N0,2017-02-16 ,880,886
3F8N0,2017-06-23 ,1185,1195
3F8N0,2017-09-28 ,581,893
3F8N0,2017-04-24 ,912,928
3F8N0,2017-11-24 ,947,1036
3F8N0,2017-11-25 ,416,565
3F8N0,2017-12-06 ,165,562
3F8N0,2017-02-22 ,496,1084
3F8N0,2017-05-18 ,348,1083
3F8N0,2017-10-16 ,837,838
3F8N0,2017-01-31 ,1123,1186
3F8N0,2017-04-26 ,1018,1027
48100,2017-04-10 ,113,191
48100,2017-09-29 ,271,1016
48100,2018-02-12 ,1026,1200
48100,2018-04-05 ,1198,1199
48100,2017-06-02 ,601,826
48100,2018-03-22 ,67,356
48100,2017-09-08 ,1167,1194
48100,2018-02-07 ,963,1063
48100,2018-03-02 ,795,902
48100,2018-04-27 ,182,483
48100,2017-05-14 ,78,527
48100,2017-08-29 ,1043,1138
48100,2018-03-20 ,784,876
48100,2017-09-20 ,967,1009
48100,2017-07-01 ,1136,1163
48100,2017-11-22 ,431,606
48100,2017-09-24 ,312,596
48100,2018-01-26 ,346,886
48100,2017-11-28 ,791,1171
48100,2017-04-28 ,387,895
48100,2018-02-16 ,438,1183
48100,2017-05-01 ,495,1046
48100,2017-09-04 ,900,1016
48100,2017-08-24 ,954,1126
48100,2017-05-05 ,1001,1084
48100,2018-04-23 ,818,849
K3XEZ,2018-04-26 ,842,1065
K3XEZ,2017-10-23 ,504,657
K3XEZ,2017-06-25 ,30,460
K3XEZ,2017-12-23 ,36,1038
K3XEZ,2018-04-07 ,1102,1160
K3XEZ,2017-04-20 ,891,1054
K3XEZ,2017-06-26 ,751,863
K3XEZ,2017-12-05 ,803,958
K3XEZ,2017-09-12 ,1050,1194
K3XEZ,2017-07-05 ,281,667
K3XEZ,2017-07-03 ,533,1150
0Y6DA,2017-12-29 ,278,584
0Y6DA,2018-01-02 ,769,1172
0Y6DA,2017-03-23 ,418,565
0Y6DA,2017-02-11 ,38,193
XTE42,2018-02-05 ,1072,1134
XTE42,2017-05-07 ,281,829
XTE42,2017-03-20 ,203,583
XTE42,2017-01-01 ,1188,1199
XTE42,2017-09-17 ,138,1094
XTE42,2017-06-20 ,647,861
XTE42,2017-11-15 ,1085,1199
XTE42,2017-12-06 ,1099,1185
XTE42,2017-01-13 ,321,969
XTE42,2018-01-20 ,859,1002
XTE42,2018-01-18 ,1077,1092
XTE42,2018-01-09 ,486,1124
XTE42,2017-07-02 ,925,1038
XTE42,2017-06-16 ,520,1093
XTE42,2017-11-24 ,729,875
XTE42,2017-10-21 ,1135,1168
XTE42,2018-04-12 ,1082,1165
XTE42,2018-02-27 ,818,1136
XTE42,2017-04-27 ,974,994
XTE42,2017-01-17 ,548,1037
XTE42,2018-03-03 ,615,1186
XTE42,2018-01-03 ,74,604
XTE42,2017-03-20 ,751,875
XTE42,2018-04-04 ,643,904
XTE42,2017-04-20 ,556,869
XTE42,2017-10-26 ,1083,1128
XTE42,2018-03-07 ,1060,1179
XTE42,2017-06-06 ,442,587
XTE42,2017-11-15 ,1158,1176
XTE42,2017-10-07 ,471,813
P876D,2017-09-22 ,10,802
P876D,2017-03-26 ,835,933
P876D,2017-04-19 ,852,933
P876D,2018-04-23 ,401,473
P876D,2018-02-22 ,1060,1191
P876D,2017-06-06 ,1010,1105
P876D,2017-07-07 ,1061,1144
P876D,2017-04-20 ,98,389
P876D,2017-06-02 ,986,1014
P876D,2017-06-19 ,416,1145
P876D,2017-04-16 ,107,475
P876D,2018-04-20 ,6,877
P876D,2017-03-16 ,155,757
P876D,2018-01-19 ,562,953
P876D,2017-08-06 ,621,866
P876D,2017-09-12 ,693,974
P876D,2017-02-23 ,817,885
P876D,2017-06-06 ,239,288
P876D,2018-03-17 ,442,662
P876D,2017-06-09 ,399,465
P876D,2017-04-17 ,219,1017
P876D,2017-06-13 ,820,914
P876D,2017-06-01 ,490,956
P876D,2017-11-15 ,715,1118
P876D,2017-09-23 ,990,1085
P876D,2017-07-01 ,614,953
530Q6,2018-03-16 ,1013,1116
530Q6,2018-04-20 ,135,776
530Q6,2017-09-21 ,671,1043
530Q6,2017-02-12 ,820,1008
530Q6,2018-03-06 ,833,1198
530Q6,2017-01-26 ,1183,1191
530Q6,2017-03-03 ,89,159
530Q6,2017-10-12 ,437,715
530Q6,2017-12-31 ,151,239
530Q6,2018-02-11 ,53,159
530Q6,2017-05-05 ,730,1040
530Q6,2018-04-09 ,961,1091
530Q6,2017-06-03 ,524,560
530Q6,2017-08-15 ,609,1036
530Q6,2017-02-18 ,1020,1176
530Q6,2017-04-17 ,190,556
530Q6,2017-05-11 ,824,1017
2303S,2018-01-30 ,180,1071
2303S,2017-05-08 ,1075,1143
2303S,2017-11-20 ,1061,1119
2303S,2018-02-22 ,807,855
2303S,2018-03-12 ,779,1086
2303S,2017-11-09 ,1194,1199
I733Y,2017-08-07 ,1177,1200
I733Y,2017-03-15 ,207,784
I733Y,2018-01-12 ,774,1164
I733Y,2017-01-28 ,558,1189
I733Y,2017-02-21 ,408,1080
I733Y,2017-10-28 ,662,766
I733Y,2017-11-12 ,609,837
I733Y,2017-01-10 ,1130,1178
I733Y,2018-03-01 ,54,786
I733Y,2017-03-31 ,1182,1190
AD2A5,2017-11-17 ,741,1133
AD2A5,2017-10-31 ,891,1054
AD2A5,2017-02-10 ,1070,1194
AD2A5,2017-03-09 ,683,1189
AD2A5,2017-12-15 ,905,1054
AD2A5,2018-04-04 ,349,458
AD2A5,2017-09-16 ,195,441
F83PZ,2017-02-13 ,151,376
F83PZ,2018-02-01 ,161,449
F83PZ,2017-04-19 ,1016,1153
F83PZ,2017-02-09 ,948,1175
F83PZ,2017-01-16 ,633,691
F83PZ,2017-05-15 ,516,1154
F83PZ,2017-11-15 ,796,1084
F83PZ,2018-04-18 ,583,1045
F83PZ,2017-08-25 ,873,1002
F83PZ,2018-04-23 ,821,1148
F83PZ,2017-02-20 ,530,1193
F83PZ,2017-11-09 ,210,283
F83PZ,2017-11-17 ,1197,1199
F83PZ,2017-10-21 ,75,789
F83PZ,2018-03-11 ,100,915
F83PZ,2018-02-03 ,776,1169
F83PZ,2017-07-11 ,944,976
F83PZ,2018-03-20 ,828,1196
F83PZ,2017-10-07 ,1161,1164
F83PZ,2017-10-07 ,663,688
F83PZ,2017-10-22 ,834,860
F83PZ,2017-05-02 ,926,997
F83PZ,2017-07-13 ,654,1035
F83PZ,2017-02-07 ,510,554
F83PZ,2017-08-20 ,652,1029
F83PZ,2017-02-28 ,963,1151
F83PZ,2017-07-07 ,120,472
F83PZ,2017-02-19 ,1181,1188
F83PZ,2017-01-21 ,360,925
1AE2H,2017-11-07 ,1,1046
1AE2H,2018-01-31 ,903,984
1AE2H,2018-04-04 ,425,692
1AE2H,2018-01-09 ,461,944
1AE2H,2017-11-13 ,446,1064
1AE2H,2018-03-22 ,489,774
1AE2H,2017-10-27 ,1141,1161
1AE2H,2018-01-29 ,797,1086
1AE2H,2017-04-29 ,984,1115
1AE2H,2017-09-27 ,914,1107
1AE2H,2018-01-19 ,668,751
1AE2H,2017-04-30 ,685,949
1AE2H,2017-04-10 ,11,848
1AE2H,2017-07-23 ,79,163
1AE2H,2017-06-10 ,577,659
TQU5U,2018-04-27 ,607,875
TQU5U,2017-09-28 ,1159,1181
TQU5U,2017-01-01 ,381,1069
TQU5U,2017-11-12 ,237,1057
06V71,2017-12-24 ,1174,1181
06V71,2017-03-31 ,329,927
7YL50,2017-02-09 ,1123,1192
7YL50,2018-04-25 ,124,973
7YL50,2017-04-21 ,315,745
7YL50,2018-04-26 ,1172,1182
7YL50,2017-10-08 ,358,728
7YL50,2017-04-13 ,1104,1148
7YL50,2017-11-22 ,934,1158
7YL50,2017-03-30 ,787,1153
7YL50,2017-08-25 ,120,1007
7YL50,2017-02-03 ,856,858
7YL50,2018-01-23 ,571,641
7YL50,2017-10-22 ,1094,1198
7YL50,2018-03-15 ,1024,1143
YD4W4,2017-06-25 ,489,744
YD4W4,2017-10-02 ,485,672
YD4W4,2017-09-07 ,104,294
YD4W4,2017-02-11 ,1049,1090
YD4W4,2018-03-11 ,1168,1181
YD4W4,2018-04-05 ,156,903
YD4W4,2017-12-30 ,670,887
YD4W4,2018-01-03 ,1039,1176
YD4W4,2017-12-23 ,957,994
YD4W4,2017-04-12 ,754,960
7A4NF,2017-02-19 ,160,1115
7A4NF,2017-02-24 ,134,625
7A4NF,2018-01-13 ,370,764
7A4NF,2018-04-30 ,860,1143
7A4NF,2018-04-13 ,308,547
7A4NF,2018-04-25 ,937,1160
7A4NF,2017-01-21 ,62,777
7A4NF,2017-04-18 ,578,886
7A4NF,2018-01-01 ,375,436
7A4NF,2018-03-30 ,297,619
7A4NF,2017-03-27 ,700,1056
7A4NF,2018-04-09 ,498,1041
7A4NF,2017-06-20 ,556,571
7A4NF,2018-01-13 ,409,597
7A4NF,2017-03-24 ,473,873
7A4NF,2017-09-14 ,753,787
7A4NF,2017-06-11 ,237,350
7A4NF,2017-02-19 ,768,1173
7A4NF,2017-03-06 ,1172,1190
7A4NF,2017-05-28 ,105,934
7A4NF,2017-04-16 ,582,830
7A4NF,2018-04-05 ,927,1056
7A4NF,2017-06-25 ,298,627
7A4NF,2018-02-10 ,753,1140
7A4NF,2017-08-24 ,116,978
J2033,2017-10-03 ,225,1070
J2033,2018-01-22 ,641,934
J2033,2017-05-20 ,713,1053
J2033,2017-07-07 ,479,1146
J2033,2017-05-20 ,896,1042
J2033,2017-11-12 ,700,1087
J2033,2018-04-18 ,154,977
J2033,2017-10-06 ,185,465
J2033,2017-12-05 ,1067,1105
J2033,2018-01-31 ,253,816
J2033,2018-03-22 ,961,1042
J2033,2017-09-15 ,640,649
J2033,2017-09-05 ,1002,1091
J2033,2017-06-28 ,365,502
J2033,2017-09-09 ,336,941
J2033,2017-03-26 ,1132,1173
J2033,2017-07-01 ,125,287
J2033,2017-02-10 ,1035,1107
J2033,2017-01-01 ,242,955
J2033,2017-06-15 ,238,1165
J2033,2018-04-26 ,207,859
J2033,2017-03-11 ,557,909
344VM,2018-02-20 ,442,769
344VM,2017-06-01 ,683,1020
344VM,2017-01-31 ,86,208
344VM,2018-01-23 ,928,1064
344VM,2017-03-05 ,326,818
344VM,2017-09-15 ,814,939
344VM,2018-04-10 ,1169,1182
344VM,2018-04-10 ,821,1111
344VM,2017-01-25 ,315,1124
344VM,2017-10-03 ,482,691
344VM,2018-02-07 ,799,1143
344VM,2017-11-17 ,949,1130
344VM,2017-05-13 ,1181,1198
344VM,2017-03-24 ,253,972
344VM,2017-07-23 ,309,850
344VM,2017-11-15 ,1194,1199
344VM,2017-11-30 ,9,500
344VM,2017-04-29 ,183,980
344VM,2017-01-29 ,420,636
344VM,2018-01-15 ,1087,1195
X377L,2018-03-15 ,195,254
X377L,2017-07-21 ,793,933
X377L,2017-05-25 ,1051,1089
X377L,2018-02-23 ,249,292
X377L,2017-04-13 ,603,881
X377L,2018-01-22 ,875,994
X377L,2018-03-07 ,1020,1165
X377L,2017-04-19 ,372,410
X377L,2017-03-12 ,148,852
X377L,2017-10-11 ,305,1071
X377L,2017-04-16 ,5,182
X377L,2018-02-15 ,465,694
X377L,2018-03-15 ,784,1066
X377L,2017-10-25 ,545,760
X377L,2017-05-03 ,725,845
X377L,2017-07-30 ,276,788
X377L,2017-07-05 ,290,562
X377L,2017-01-17 ,830,1070
X377L,2017-10-31 ,16,28
X377L,2017-05-01 ,996,1072
X377L,2017-05-13 ,475,631
X377L,2017-02-26 ,684,964
X377L,2017-10-31 ,1144,1191
X377L,2017-07-09 ,218,360
X377L,2018-01-14 ,708,745
X377L,2018-04-04 ,674,867
X377L,2018-03-10 ,942,1084
X377L,2017-02-27 ,887,1138
RXP8M,2017-10-24 ,737,1101
RXP8M,2017-10-02 ,566,831
RXP8M,2017-10-13 ,368,1031
RXP8M,2018-04-19 ,874,1128
RXP8M,2017-01-27 ,1111,1172
RXP8M,2017-09-02 ,955,1101
RXP8M,2017-04-11 ,863,921
RXP8M,2018-01-12 ,20,700
RXP8M,2017-10-16 ,942,1059
RXP8M,2017-01-20 ,464,1039
RXP8M,2018-02-13 ,1046,1066
RXP8M,2017-09-09 ,850,1197
RXP8M,2018-03-25 ,1062,1154
RXP8M,2018-01-31 ,847,1015
RXP8M,2017-01-25 ,74,267
RXP8M,2017-01-25 ,803,981
RXP8M,2018-03-30 ,943,1004
RXP8M,2017-07-13 ,266,291
RXP8M,2017-08-01 ,1162,1165
RXP8M,2017-07-03 ,933,1018
7OG72,2018-02-22 ,420,749
7OG72,2017-06-28 ,362,997
7OG72,2017-03-07 ,527,591
7OG72,2017-04-19 ,334,910
7OG72,2017-12-19 ,478,1086
7OG72,2018-04-10 ,393,462
7OG72,2018-02-12 ,924,987
7OG72,2018-04-23 ,140,768
7OG72,2017-03-08 ,500,1173
7OG72,2017-01-21 ,287,723
7OG72,2017-09-13 ,100,669
7OG72,2017-09-29 ,816,1160
7OG72,2018-04-16 ,849,924
66Z13,2017-05-18 ,33,1155
66Z13,2017-02-27 ,707,1159
66Z13,2017-02-19 ,1051,1125
66Z13,2017-05-11 ,1148,1157
66Z13,2017-01-23 ,61,769
66Z13,2017-04-13 ,90,1090
66Z13,2017-09-09 ,290,474
66Z13,2018-03-21 ,775,973
66Z13,2017-12-31 ,262,696
66Z13,2018-04-05 ,1077,1156
66Z13,2017-01-23 ,911,1031
66Z13,2018-04-26 ,606,963
66Z13,2017-01-30 ,1058,1120
66Z13,2017-11-16 ,630,1188
66Z13,2017-03-24 ,628,662
66Z13,2018-04-16 ,21,602
66Z13,2018-01-17 ,883,883
66Z13,2017-03-07 ,256,732
CZ1H8,2017-05-01 ,919,1038
CZ1H8,2017-09-05 ,681,1055
CZ1H8,2017-11-16 ,557,730
CZ1H8,2017-01-04 ,493,1096
CZ1H8,2017-02-20 ,997,1019
CZ1H8,2017-03-17 ,380,1016
CZ1H8,2017-06-20 ,218,740
CZ1H8,2017-09-29 ,564,1145
CZ1H8,2017-01-17 ,1149,1191
CZ1H8,2017-10-23 ,496,1072
CZ1H8,2017-06-20 ,647,765
CZ1H8,2017-09-22 ,1123,1152
CZ1H8,2017-10-17 ,637,1102
CZ1H8,2017-09-27 ,161,238
CZ1H8,2017-10-11 ,309,494
CZ1H8,2018-02-20 ,294,646
CZ1H8,2017-08-28 ,916,1091
7U8WH,2017-05-25 ,302,524
7U8WH,2017-07-21 ,587,837
7U8WH,2017-11-28 ,789,1086
7U8WH,2018-01-14 ,186,664
7U8WH,2017-01-25 ,1149,1151
7U8WH,2018-03-06 ,425,1198
5VE7U,2018-04-19 ,55,1070
5VE7U,2017-01-09 ,898,915
5VE7U,2017-03-13 ,582,880
5VE7U,2018-03-21 ,657,1010
5VE7U,2017-09-26 ,189,299
5VE7U,2017-11-15 ,543,593
5VE7U,2017-07-27 ,694,1048
5VE7U,2018-03-29 ,53,616
5VE7U,2017-11-30 ,859,1074
5VE7U,2017-01-27 ,489,1192
5VE7U,2017-02-09 ,1162,1169
5VE7U,2017-08-28 ,580,1035
5VE7U,2017-06-22 ,271,717
5VE7U,2018-04-17 ,1064,1102
5VE7U,2017-07-14 ,748,1032
5VE7U,2018-02-21 ,122,508
5VE7U,2018-03-17 ,1136,1173
5VE7U,2017-09-30 ,968,1164
5VE7U,2018-03-05 ,621,901
5VE7U,2018-01-03 ,462,661
5VE7U,2017-04-16 ,870,940
5VE7U,2017-07-30 ,240,1033
5VE7U,2017-02-01 ,479,1188
5VE7U,2018-03-15 ,356,812
5VE7U,2017-06-22 ,341,465
5VE7U,2017-05-22 ,549,896
5VE7U,2018-04-12 ,602,735
5VE7U,2018-01-18 ,924,1059
5VE7U,2018-02-14 ,325,1005
5VE7U,2017-11-22 ,761,1160
3DC24,2017-12-29 ,387,1065
3DC24,2017-11-04 ,446,1079
3DC24,2017-04-19 ,329,568
3DC24,2017-11-08 ,959,1184
3DC24,2017-08-29 ,1162,1177
3DC24,2017-06-03 ,178,1030
3DC24,2017-01-12 ,1132,1138
3DC24,2017-10-04 ,379,514
3DC24,2018-02-19 ,307,1096
3DC24,2017-08-31 ,812,818
3DC24,2017-10-06 ,523,1143
3DC24,2017-03-29 ,372,721
3DC24,2017-05-17 ,301,601
3DC24,2017-05-06 ,1154,1168
3DC24,2018-02-22 ,74,194
3DC24,2017-12-20 ,871,1196
3DC24,2017-10-02 ,637,651
6LSTG,2018-01-09 ,399,515
6LSTG,2017-12-26 ,412,627
6LSTG,2017-09-02 ,365,935
6LSTG,2017-10-28 ,656,1115
6LSTG,2017-04-08 ,217,226
6LSTG,2017-07-08 ,717,942
6LSTG,2017-03-12 ,857,872
6LSTG,2018-02-06 ,109,257
6LSTG,2017-05-07 ,803,1159
6LSTG,2017-11-23 ,562,1071
6LSTG,2018-03-18 ,153,794
551F6,2017-12-13 ,208,1163
551F6,2018-02-24 ,556,1134
551F6,2018-02-26 ,448,1037
551F6,2017-01-23 ,1198,1199
551F6,2017-12-29 ,190,1174
551F6,2017-12-23 ,638,1036
551F6,2017-03-28 ,389,857
551F6,2017-09-19 ,410,463
551F6,2017-05-19 ,471,528
551F6,2017-07-12 ,920,1152
551F6,2018-01-27 ,311,633
551F6,2017-07-18 ,1084,1150
551F6,2017-05-01 ,788,862
551F6,2018-03-18 ,67,919
551F6,2018-03-04 ,972,1100
551F6,2018-01-27 ,158,1076
551F6,2017-11-21 ,271,756
551F6,2018-04-28 ,337,620
551F6,2018-02-26 ,111,130
551F6,2017-10-23 ,711,788
551F6,2017-01-05 ,750,1155
MYQ6A,2018-04-19 ,593,1164
MYQ6A,2017-03-28 ,1139,1174
MYQ6A,2017-08-17 ,599,951
MYQ6A,2018-01-04 ,398,909
MYQ6A,2017-01-31 ,165,685
MYQ6A,2017-03-21 ,563,861
MYQ6A,2017-10-14 ,76,937
MYQ6A,2017-08-06 ,121,445
MYQ6A,2017-11-21 ,932,1197
MYQ6A,2017-06-03 ,816,1132
MYQ6A,2017-08-17 ,1128,1170
MYQ6A,2018-01-23 ,936,1081
MYQ6A,2018-01-12 ,994,1149
MYQ6A,2017-12-17 ,441,899
MYQ6A,2017-08-17 ,272,1048
MYQ6A,2017-06-10 ,264,1191
MYQ6A,2017-01-23 ,858,893
MYQ6A,2018-01-24 ,84,341
MYQ6A,2017-08-04 ,301,781
MYQ6A,2018-04-11 ,54,718
MYQ6A,2017-02-07 ,300,1183
MYQ6A,2017-10-06 ,583,954
MYQ6A,2017-05-25 ,775,959
MYQ6A,2017-07-13 ,930,1197
MYQ6A,2017-01-16 ,385,920
MYQ6A,2017-03-21 ,609,726
MYQ6A,2017-02-08 ,371,962
MYQ6A,2017-05-07 ,816,884
MYQ6A,2018-03-27 ,325,1052
J5IO8,2017-10-16 ,192,588
J5IO8,2018-02-11 ,1007,1099
J5IO8,2017-01-06 ,15,1104
J5IO8,2017-01-23 ,505,560
J5IO8,2017-07-31 ,1014,1139
J5IO8,2017-08-17 ,486,1113
J5IO8,2018-03-12 ,280,598
J5IO8,2017-04-23 ,25,1133
J5IO8,2017-10-31 ,347,744
TLF67,2017-01-06 ,523,901
TLF67,2018-04-12 ,77,85
TLF67,2017-05-17 ,922,1007
TLF67,2017-08-08 ,214,1117
TLF67,2017-03-06 ,303,648
TLF67,2018-03-04 ,479,981
TLF67,2017-03-24 ,727,901
TLF67,2018-04-05 ,855,912
TLF67,2017-08-21 ,202,579
TLF67,2018-03-08 ,62,306
TLF67,2018-01-30 ,26,560
TLF67,2018-04-10 ,1007,1150
TLF67,2017-10-25 ,128,1141
TLF67,2017-05-03 ,460,1025
TLF67,2017-12-23 ,662,806
TLF67,2017-01-28 ,619,1028
TLF67,2017-05-12 ,457,548
TLF67,2017-03-25 ,723,805
TLF67,2017-02-01 ,314,337
TLF67,2017-07-12 ,467,650
TLF67,2017-06-10 ,565,715
TLF67,2017-11-14 ,1045,1076
76W33,2017-08-22 ,291,843
76W33,2017-08-04 ,600,886
76W33,2017-05-07 ,272,1015
76W33,2017-11-18 ,101,1086
76W33,2018-01-04 ,230,507
76W33,2018-04-02 ,750,946
76W33,2017-11-12 ,249,949
76W33,2017-12-05 ,865,1176
76W33,2017-09-08 ,960,1099
QN47X,2017-01-28 ,65,759
QN47X,2018-01-21 ,420,915
QN47X,2018-03-29 ,582,1136
QN47X,2017-06-02 ,1190,1192
QN47X,2017-06-06 ,24,371
QN47X,2017-03-31 ,635,847
QN47X,2017-11-14 ,2,85
QN47X,2017-05-06 ,1138,1158
QN47X,2017-09-10 ,96,811
QN47X,2017-12-02 ,1170,1172
QN47X,2017-03-02 ,1147,1196
QN47X,2017-01-26 ,1170,1174
QN47X,2017-05-14 ,1104,1190
QN47X,2017-11-25 ,1159,1185
QN47X,2017-02-27 ,373,1003
QN47X,2017-03-16 ,130,922
QN47X,2018-02-08 ,1062,1126
QN47X,2017-06-01 ,959,1115
QN47X,2017-03-19 ,1063,1106
QN47X,2018-01-16 ,1081,1162
QN47X,2017-07-21 ,1039,1105
QN47X,2018-04-05 ,24,947
QN47X,2017-03-09 ,700,826
V5M14,2018-01-26 ,507,879
V5M14,2018-01-30 ,726,1109
V5M14,2017-01-24 ,6,39
V5M14,2017-08-29 ,383,1086
V5M14,2018-01-05 ,1072,1199
V5M14,2018-01-12 ,773,795
V5M14,2017-08-14 ,290,1006
77Q7L,2017-07-02 ,517,712
77Q7L,2017-09-21 ,7,475
77Q7L,2017-12-26 ,703,945
77Q7L,2017-04-15 ,784,807
77Q7L,2018-01-29 ,1110,1144
77Q7L,2017-07-28 ,311,507
MZQ3U,2018-03-03 ,948,960
MZQ3U,2017-07-12 ,63,383
MZQ3U,2017-10-27 ,949,1139
MZQ3U,2017-12-20 ,113,989
MZQ3U,2017-04-28 ,263,1178
MZQ3U,2017-03-06 ,701,722
MZQ3U,2017-12-23 ,1163,1170
MZQ3U,2018-04-12 ,240,1053
MZQ3U,2017-09-22 ,1187,1199
MZQ3U,2017-02-24 ,406,559
MZQ3U,2017-12-03 ,877,943
MZQ3U,2017-01-09 ,964,1191
MZQ3U,2017-10-04 ,249,1061
MZQ3U,2018-04-25 ,817,1039
MZQ3U,2018-04-24 ,857,1166
MZQ3U,2017-12-13 ,897,921
MZQ3U,2018-01-02 ,489,580
MZQ3U,2017-09-12 ,257,442
MZQ3U,2017-01-07 ,38,974
MZQ3U,2018-02-18 ,22,342
MZQ3U,2017-11-09 ,421,477
MZQ3U,2017-02-08 ,50,1115
MZQ3U,2017-08-24 ,90,602
MZQ3U,2018-03-15 ,1012,1049
MZQ3U,2017-02-22 ,726,1179
72B16,2017-04-18 ,184,450
72B16,2018-01-14 ,973,1050
72B16,2017-05-14 ,984,1067
72B16,2018-04-02 ,86,1077
72B16,2017-08-29 ,81,435
72B16,2018-01-18 ,46,57
72B16,2017-02-19 ,706,787
72B16,2017-12-21 ,620,1061
72B16,2017-06-19 ,156,175
72B16,2017-11-23 ,589,934
72B16,2018-04-06 ,728,837
72B16,2017-08-29 ,1081,1189
4K76L,2018-03-20 ,515,836
4K76L,2017-08-31 ,890,1014
4K76L,2017-10-27 ,501,800
4K76L,2017-08-29 ,1154,1176
4K76L,2017-11-22 ,293,740
4K76L,2017-02-21 ,432,771
4K76L,2017-12-22 ,344,1184
4K76L,2017-05-13 ,270,405
4K76L,2017-10-03 ,743,1171
4K76L,2017-05-18 ,581,1187
4K76L,2017-05-04 ,347,948
4K76L,2017-08-04 ,341,647
4K76L,2017-05-25 ,1162,1180
4K76L,2017-10-01 ,20,603
4K76L,2017-04-24 ,965,1095
5VK83,2017-01-03 ,939,1084
5VK83,2017-07-22 ,478,865
5VK83,2018-03-10 ,1063,1159
5VK83,2017-07-30 ,1118,1182
5VK83,2017-07-29 ,616,746
5VK83,2017-12-27 ,198,1069
5VK83,2017-03-22 ,921,924
5VK83,2017-07-17 ,151,771
5VK83,2017-11-04 ,272,924
5VK83,2017-09-02 ,104,682
5VK83,2017-01-16 ,688,729
5VK83,2017-04-15 ,938,1139
5VK83,2017-04-29 ,542,1012
5VK83,2017-06-09 ,917,1122
5VK83,2017-08-04 ,949,1047
5VK83,2017-04-17 ,177,989
5VK83,2018-03-07 ,727,1163
5VK83,2017-07-07 ,535,817
5VK83,2017-10-28 ,321,383
S702J,2017-01-18 ,98,602
S702J,2017-01-14 ,966,1163
S702J,2017-09-25 ,483,1094
S702J,2017-12-25 ,474,977
S702J,2017-06-20 ,273,500
S702J,2018-02-07 ,74,699
S702J,2017-06-15 ,158,399
S702J,2017-10-20 ,982,1133
S702J,2018-04-09 ,382,774
S702J,2018-01-27 ,416,908
S702J,2018-01-06 ,589,737
S702J,2017-06-07 ,115,466
S702J,2017-07-12 ,866,881
S702J,2017-07-15 ,971,1180
S702J,2017-05-27 ,334,1188
S702J,2018-02-12 ,848,965
S702J,2017-08-01 ,224,779
S702J,2018-02-09 ,285,746
S702J,2017-04-18 ,1180,1200
S702J,2017-05-16 ,974,1200
S702J,2017-08-16 ,973,1128
S702J,2017-07-26 ,1114,1139
S702J,2017-02-06 ,821,1097
S702J,2018-04-02 ,43,821
S702J,2017-03-02 ,445,1127
S702J,2018-02-25 ,424,956
S702J,2018-01-07 ,830,1198
S702J,2017-07-24 ,318,737
S702J,2018-03-03 ,117,994
S702J,2017-02-06 ,791,894
X1IYH,2017-06-03 ,330,1124
X1IYH,2017-10-24 ,983,1156
X1IYH,2018-01-26 ,774,1058
X1IYH,2018-02-01 ,756,1058
X1IYH,2018-02-02 ,402,947
X1IYH,2017-09-07 ,151,900
X1IYH,2017-06-10 ,824,1102
X1IYH,2017-10-23 ,1144,1171
X1IYH,2017-03-04 ,1153,1157
X1IYH,2017-07-25 ,345,1198
X1IYH,2017-10-02 ,26,392
X1IYH,2018-01-13 ,414,760
X1IYH,2017-10-15 ,12,881
X1IYH,2017-07-13 ,1194,1198
X1IYH,2017-05-16 ,702,1068
X1IYH,2017-05-26 ,169,586
X1IYH,2018-02-14 ,985,1089
X1IYH,2017-03-12 ,93,1048
X1IYH,2017-11-02 ,1064,1193
X1IYH,2017-02-13 ,1188,1196
X1IYH,2017-08-10 ,13,417
X1IYH,2018-04-10 ,463,933
X1IYH,2017-10-10 ,178,721
X1IYH,2017-04-09 ,631,1190
X1IYH,2017-10-16 ,257,1137
X1IYH,2017-09-12 ,252,1090
X1IYH,2017-12-06 ,409,1121
X1IYH,2017-02-21 ,812,1026
X1IYH,2017-01-06 ,739,827
X1IYH,2017-10-03 ,1150,1161
2P828,2017-07-15 ,25,812
2P828,2017-12-18 ,780,1199
2P828,2017-01-14 ,487,974
2P828,2017-05-11 ,820,868
2P828,2017-07-31 ,362,442
2P828,2017-03-03 ,647,1180
2P828,2017-01-11 ,85,962
2P828,2017-10-17 ,891,896
2P828,2017-10-06 ,560,1063
2P828,2017-01-06 ,136,541
QSD41,2018-02-14 ,753,1112
QSD41,2017-01-29 ,883,1178
QSD41,2017-04-24 ,550,912
QSD41,2017-03-01 ,1084,1112
QSD41,2017-02-22 ,276,743
QSD41,2017-05-27 ,1175,1197
QSD41,2017-01-05 ,230,1042
QSD41,2017-12-26 ,254,505
QSD41,2018-01-01 ,864,906
QSD41,2018-03-07 ,474,1103
QSD41,2018-04-21 ,1105,1173
QSD41,2018-01-28 ,542,696
QSD41,2017-11-21 ,639,739
QSD41,2018-02-10 ,374,842
QSD41,2018-01-19 ,191,241
QSD41,2017-06-08 ,1025,1133
QSD41,2017-08-19 ,414,833
QSD41,2017-03-03 ,130,384
QSD41,2017-04-30 ,498,1122
QSD41,2017-03-03 ,257,1042
QSD41,2018-04-07 ,895,1156
QSD41,2017-02-26 ,555,597
V14R0,2018-03-18 ,1003,1187
V14R0,2017-08-08 ,213,1185
V14R0,2017-12-15 ,552,908
V14R0,2017-12-08 ,408,934
V14R0,2017-07-29 ,1016,1091
V14R0,2017-11-10 ,593,849
20U07,2018-04-08 ,660,1112
20U07,2017-01-02 ,698,1120
20U07,2017-04-23 ,570,642
20U07,2017-01-31 ,392,864
20U07,2017-05-10 ,8,1081
20U07,2018-04-20 ,588,912
20U07,2017-03-14 ,537,777
0EY7M,2017-02-14 ,150,341
0EY7M,2017-09-11 ,96,1061
0EY7M,2017-06-27 ,996,1139
0EY7M,2017-07-02 ,46,1190
0EY7M,2017-08-21 ,268,1009
0EY7M,2017-01-02 ,618,1190
0EY7M,2017-11-12 ,955,1108
0EY7M,2017-06-07 ,1054,1102
0EY7M,2018-02-05 ,866,936
0EY7M,2018-04-18 ,923,1076
0EY7M,2017-02-04 ,371,1124
0EY7M,2017-07-16 ,622,700
0EY7M,2018-02-23 ,1194,1194
0EY7M,2017-02-27 ,197,617
0EY7M,2017-12-28 ,956,1040
0EY7M,2018-04-17 ,70,685
0EY7M,2017-03-13 ,1045,1071
0EY7M,2017-06-30 ,609,697
0EY7M,2017-08-23 ,989,1136
0EY7M,2017-08-27 ,508,724
0EY7M,2017-08-28 ,834,874
0EY7M,2017-04-09 ,124,900
0EY7M,2017-03-15 ,684,717
0EY7M,2017-07-20 ,893,1066
0EY7M,2018-02-28 ,66,314
0EY7M,2017-07-22 ,704,1073
VHN8M,2017-03-30 ,1110,1184
VHN8M,2017-12-06 ,672,823
VHN8M,2017-05-13 ,146,543
VHN8M,2017-02-04 ,866,1127
VHN8M,2018-05-01 ,658,989
VHN8M,2017-03-06 ,1026,1200
VHN8M,2017-09-01 ,513,1013
0WG67,2017-06-27 ,1074,1117
0WG67,2017-05-26 ,1130,1199
0WG67,2018-02-27 ,1069,1163
0WG67,2017-06-15 ,792,1011
0WG67,2017-07-30 ,1097,1125
0WG67,2017-11-17 ,1036,1066
72244,2017-12-23 ,361,907
72244,2017-01-12 ,681,1131
72244,2017-07-03 ,739,904
72244,2017-10-09 ,960,967
72244,2017-06-14 ,772,935
72244,2018-03-02 ,1045,1136
72244,2017-02-19 ,1130,1183
TY21F,2017-10-22 ,304,1156
TY21F,2017-01-16 ,904,1166
TY21F,2017-09-26 ,904,1194
TY21F,2018-03-31 ,335,562
TY21F,2017-08-10 ,317,971
TY21F,2018-04-23 ,1184,1200
TY21F,2017-04-17 ,990,1150
TY21F,2017-07-27 ,1029,1155
TY21F,2017-02-06 ,511,754
TY21F,2017-03-29 ,1079,1176
TY21F,2017-02-11 ,476,1188
TY21F,2017-07-28 ,1170,1198
TY21F,2017-08-21 ,363,842
TY21F,2017-01-21 ,1156,1177
TY21F,2017-11-12 ,412,1134
TY21F,2017-06-07 ,772,1144
TY21F,2017-04-16 ,856,1155
TY21F,2018-03-28 ,333,613
TD7DF,2017-11-12 ,387,418
TD7DF,2018-02-27 ,259,1128
TD7DF,2017-03-05 ,407,658
TD7DF,2017-03-18 ,764,1027
TD7DF,2018-01-26 ,748,956
TD7DF,2017-02-25 ,1173,1189
TD7DF,2017-08-02 ,1169,1195
TD7DF,2018-04-30 ,379,1104
1YHL3,2017-07-01 ,229,1183
1YHL3,2017-01-31 ,909,1079
1YHL3,2018-02-09 ,700,995
1YHL3,2017-11-07 ,331,627
1YHL3,2018-04-30 ,963,1094
1YHL3,2017-12-16 ,134,1197
1YHL3,2017-10-18 ,1004,1105
1YHL3,2017-02-09 ,1131,1175
1YHL3,2017-06-10 ,702,776
1YHL3,2017-03-22 ,462,582
1YHL3,2017-02-17 ,467,1020
1YHL3,2018-04-12 ,1179,1199
1YHL3,2017-08-11 ,167,497
1YHL3,2017-11-24 ,481,799
1YHL3,2017-03-28 ,673,1195
1YHL3,2017-01-12 ,252,838
1YHL3,2017-08-11 ,674,726
1YHL3,2017-05-10 ,227,345
1YHL3,2017-11-03 ,440,1111
1YHL3,2018-02-09 ,1096,1128
1YHL3,2017-11-02 ,865,1092
1YHL3,2017-07-09 ,822,1197
1YHL3,2017-05-03 ,656,907
O5U57,2017-11-17 ,474,492
O5U57,2017-07-12 ,915,1055
O5U57,2017-03-14 ,845,945
O5U57,2017-02-07 ,143,1107
E0ZJ2,2017-10-22 ,955,985
E0ZJ2,2018-02-03 ,111,841
E0ZJ2,2017-04-03 ,523,955
7MWHJ,2017-09-16 ,544,654
7MWHJ,2017-07-21 ,367,1094
7MWHJ,2017-04-05 ,1165,1177
7MWHJ,2017-05-27 ,903,1008
7MWHJ,2018-01-31 ,869,1052
7MWHJ,2017-07-13 ,308,405
7MWHJ,2017-04-02 ,348,1133
7MWHJ,2017-03-18 ,497,599
7MWHJ,2017-10-20 ,213,1035
7MWHJ,2017-04-14 ,228,1163
7MWHJ,2017-05-17 ,763,1154
7MWHJ,2017-04-09 ,573,1194
7MWHJ,2018-04-12 ,1116,1116
7MWHJ,2017-07-23 ,661,994
7MWHJ,2017-05-03 ,1129,1162
7MWHJ,2017-09-08 ,898,946
7MWHJ,2017-01-10 ,870,1031
7MWHJ,2017-01-19 ,499,676
7MWHJ,2018-01-12 ,690,1165
7MWHJ,2018-01-09 ,273,885
8I2HW,2017-01-02 ,67,259
8I2HW,2017-05-05 ,515,1133
8I2HW,2017-09-15 ,1051,1137
8I2HW,2017-09-05 ,622,627
8I2HW,2017-07-19 ,1101,1185
8I2HW,2017-04-23 ,1127,1127
8I2HW,2018-04-13 ,958,989
8I2HW,2017-04-22 ,1147,1189
8I2HW,2017-06-14 ,616,816
8I2HW,2017-11-10 ,698,912
8I2HW,2017-06-20 ,868,1069
8I2HW,2017-02-22 ,467,1052
8I2HW,2017-01-17 ,1161,1191
8I2HW,2017-08-04 ,473,893
8I2HW,2017-05-17 ,922,951
8I2HW,2018-03-17 ,63,557
R55GR,2017-07-18 ,41,741
R55GR,2017-10-23 ,203,532
R55GR,2017-11-22 ,839,899
R55GR,2017-10-03 ,189,589
R55GR,2017-11-04 ,469,996
R55GR,2017-07-03 ,876,1030
R55GR,2017-10-22 ,671,899
R55GR,2017-08-23 ,577,836
R55GR,2017-12-08 ,392,910
R55GR,2017-06-13 ,1170,1192
R55GR,2017-08-29 ,836,1154
R55GR,2017-09-14 ,273,889
R55GR,2018-04-20 ,1161,1196
R55GR,2017-04-29 ,66,153
R55GR,2017-11-25 ,258,933
R55GR,2018-02-14 ,610,1158
R55GR,2017-10-13 ,1192,1199
R55GR,2017-10-12 ,693,779
R55GR,2017-08-21 ,26,813
R55GR,2017-05-11 ,197,639
R55GR,2018-01-04 ,978,1111
R55GR,2017-11-27 ,663,923
R55GR,2017-12-13 ,516,632
2STMK,2017-07-28 ,622,782
2STMK,2017-01-11 ,906,1154
2STMK,2017-11-30 ,1070,1196
2STMK,2017-08-13 ,10,1123
2STMK,2017-05-16 ,1180,1185
2STMK,2018-01-16 ,447,1029
2STMK,2017-09-26 ,37,608
2STMK,2018-02-21 ,1159,1200
2STMK,2017-01-06 ,900,1003
2STMK,2018-03-18 ,1033,1088
2STMK,2017-07-03 ,1069,1133
C581L,2018-03-16 ,181,511
C581L,2017-09-14 ,201,923
C581L,2017-07-18 ,671,875
C581L,2017-07-30 ,543,647
C581L,2017-11-24 ,346,451
C581L,2017-11-28 ,248,658
C581L,2018-01-11 ,811,877
C581L,2017-11-04 ,422,470
C581L,2017-07-18 ,198,343
C581L,2018-02-04 ,682,1088
C581L,2018-01-27 ,503,734
C581L,2017-07-08 ,1058,1082
C581L,2018-03-24 ,1182,1192
C581L,2017-09-01 ,913,954
C581L,2017-03-02 ,688,774
C581L,2017-09-13 ,209,727
C581L,2018-04-29 ,481,707
C581L,2017-01-01 ,23,1071
C581L,2018-01-04 ,223,767
C581L,2017-01-07 ,244,635
C581L,2018-04-30 ,76,642
C581L,2018-03-10 ,113,882
C581L,2017-08-03 ,939,985
C581L,2017-02-18 ,802,882
C581L,2017-06-08 ,359,1180
C581L,2017-12-07 ,395,757
C581L,2017-07-09 ,902,1101
C581L,2017-07-05 ,805,923
C581L,2017-08-01 ,965,1131
C581L,2017-07-20 ,980,1052
WF7P1,2017-09-14 ,575,734
WF7P1,2017-03-12 ,872,1061
WF7P1,2018-02-24 ,306,702
WF7P1,2018-01-19 ,82,803
WF7P1,2017-06-28 ,906,1087
WF7P1,2017-05-09 ,1192,1200
WF7P1,2018-03-29 ,352,1122
WF7P1,2018-03-16 ,1039,1180
WF7P1,2017-06-19 ,815,870
WF7P1,2017-03-21 ,1016,1119
WF7P1,2017-04-12 ,1031,1074
WF7P1,2017-08-04 ,24,650
WF7P1,2017-07-27 ,1074,1122
WF7P1,2017-08-09 ,636,866
WF7P1,2017-11-23 ,873,1165
WF7P1,2017-05-10 ,1064,1092
WF7P1,2018-02-25 ,259,576
WF7P1,2018-04-08 ,442,619
WF7P1,2017-10-10 ,616,681
WF7P1,2017-07-07 ,399,691
WF7P1,2017-06-16 ,529,588
WF7P1,2017-12-16 ,1004,1169
WF7P1,2017-05-16 ,356,790
WF7P1,2017-05-01 ,830,1167
WF7P1,2017-05-27 ,5,788
WF7P1,2018-01-18 ,309,444
WF7P1,2017-07-06 ,319,901
MORMA,2017-07-21 ,694,704
MORMA,2017-04-01 ,1104,1191
MORMA,2017-06-04 ,1056,1068
MORMA,2017-01-06 ,995,1035
MORMA,2017-09-24 ,573,802
MORMA,2017-07-27 ,230,527
MORMA,2017-06-03 ,424,960
MORMA,2018-02-12 ,354,1048
MORMA,2017-02-28 ,13,222
MORMA,2017-11-19 ,648,1153
MORMA,2017-09-17 ,93,1130
MORMA,2017-03-10 ,882,1172
MORMA,2018-04-11 ,1158,1179
MORMA,2017-06-29 ,654,1107
MORMA,2017-12-28 ,988,1156
MORMA,2018-05-01 ,1029,1183
MORMA,2018-03-30 ,554,1153
MORMA,2017-08-18 ,496,544
MORMA,2017-03-13 ,650,1060
MORMA,2017-10-09 ,957,1063
MORMA,2018-03-04 ,984,1112
MORMA,2018-01-24 ,379,385
MORMA,2017-02-13 ,485,491
MORMA,2017-01-17 ,737,982
MORMA,2017-10-23 ,520,673
MORMA,2017-12-10 ,486,983
48Z38,2017-06-11 ,813,1122
48Z38,2017-12-12 ,1150,1153
48Z38,2017-08-20 ,919,921
48Z38,2018-03-14 ,315,1150
48Z38,2017-01-20 ,482,1138
F3U8A,2018-04-23 ,828,946
F3U8A,2017-09-18 ,641,739
F3U8A,2017-06-04 ,1038,1047
F3U8A,2018-02-19 ,735,1111
F3U8A,2018-03-15 ,481,951
F3U8A,2017-08-27 ,392,629
F3U8A,2018-04-07 ,176,902
F3U8A,2017-05-05 ,1046,1047
F3U8A,2017-08-15 ,346,488
F3U8A,2017-05-30 ,1155,1157
F3U8A,2017-10-20 ,621,1049
F3U8A,2018-03-20 ,79,939
F3U8A,2017-09-12 ,500,694
F3U8A,2017-06-01 ,748,1158
F3U8A,2017-08-23 ,132,454
F3U8A,2017-04-27 ,619,1094
F3U8A,2018-03-12 ,150,280
F3U8A,2017-09-19 ,253,1187
F3U8A,2018-01-19 ,499,808
F3U8A,2018-03-24 ,608,1071
F3U8A,2017-08-14 ,105,1056
F3U8A,2017-10-29 ,1190,1198
F3U8A,2018-03-11 ,241,821
F3U8A,2018-02-23 ,851,1124
F3U8A,2017-07-31 ,137,718
F3U8A,2017-09-13 ,808,1161
F3U8A,2017-02-03 ,701,1193
F3U8A,2017-07-13 ,74,756
F3U8A,2018-01-28 ,301,670
NF4S2,2017-10-30 ,27,367
NF4S2,2017-04-12 ,631,1147
NF4S2,2017-12-20 ,139,1106
3JP0X,2018-04-26 ,189,285
3JP0X,2017-03-31 ,32,827
3JP0X,2017-10-02 ,713,1151
3JP0X,2018-02-26 ,830,881
3JP0X,2017-09-06 ,860,939
3JP0X,2018-02-09 ,942,1055
3JP0X,2017-01-10 ,707,1187
3JP0X,2018-04-27 ,79,1085
3JP0X,2018-04-18 ,759,915
3JP0X,2018-02-24 ,753,932
3JP0X,2017-11-01 ,197,827
3JP0X,2017-05-17 ,310,480
3JP0X,2017-03-01 ,920,1036
3JP0X,2017-07-20 ,773,1009
3JP0X,2018-03-06 ,906,1138
3JP0X,2018-01-20 ,544,1134
3JP0X,2017-09-02 ,558,632
3JP0X,2017-06-13 ,1103,1116
3JP0X,2017-02-26 ,108,1074
3JP0X,2018-01-13 ,120,356
3JP0X,2017-10-23 ,546,1129
3JP0X,2017-07-01 ,932,1156
3JP0X,2017-07-07 ,163,223
3JP0X,2017-01-01 ,154,609
3JP0X,2017-05-14 ,654,822
3JP0X,2017-07-08 ,9,837
3JP0X,2017-06-23 ,1061,1166
3JP0X,2018-01-22 ,909,1186
3JP0X,2017-05-30 ,87,103
3BRSC,2017-04-25 ,1159,1175
3BRSC,2018-04-26 ,151,255
3BRSC,2017-03-13 ,576,896
3BRSC,2017-12-18 ,761,914
3BRSC,2017-03-13 ,1109,1156
3BRSC,2017-03-18 ,218,864
3BRSC,2017-08-11 ,310,605
3BRSC,2017-12-06 ,813,995
3BRSC,2017-06-29 ,494,831
3BRSC,2017-03-27 ,88,1192
3BRSC,2018-01-15 ,354,825
RMX31,2018-01-17 ,712,786
58636,2017-08-06 ,1029,1186
58636,2018-02-20 ,868,1162
58636,2018-02-19 ,248,782
58636,2017-07-27 ,22,488
58636,2017-01-17 ,605,871
58636,2018-02-23 ,751,930
58636,2018-01-21 ,733,957
58636,2017-05-08 ,1195,1199
58636,2017-05-04 ,722,1188
58636,2017-01-27 ,215,728
58636,2017-10-31 ,161,373
58636,2018-03-05 ,523,546
58636,2018-01-20 ,362,943
58636,2017-06-10 ,752,832
58636,2017-02-15 ,422,855
58636,2017-04-13 ,154,261
58636,2017-04-22 ,570,1196
58636,2017-11-03 ,137,664
58636,2017-05-15 ,913,1062
58636,2017-03-08 ,395,1053
58636,2017-04-11 ,712,845
58636,2018-04-19 ,1034,1100
58636,2017-10-03 ,145,933
58636,2017-04-06 ,1167,1175
58636,2017-12-01 ,902,1058
58636,2017-12-20 ,1158,1168
58636,2017-02-18 ,296,364
58636,2017-08-30 ,541,1129
NB387,2017-11-16 ,508,877
NB387,2017-01-24 ,1055,1064
NB387,2017-08-19 ,191,430
NB387,2017-11-08 ,297,862
NB387,2017-02-10 ,1181,1188
NB387,2017-05-25 ,344,448
NB387,2017-07-24 ,1002,1142
NB387,2017-01-19 ,671,1153
NB387,2017-08-18 ,568,1171
NB387,2017-02-27 ,448,1093
NB387,2017-10-21 ,71,630
NB387,2017-06-25 ,366,647
NB387,2018-04-18 ,734,867
NB387,2017-08-10 ,662,1182
NB387,2018-02-11 ,866,1185
NB387,2017-10-29 ,420,1077
NB387,2017-06-21 ,930,1168
NB387,2017-01-22 ,971,1021
NB387,2017-03-04 ,828,1189
NB387,2017-12-04 ,212,884
NB387,2017-07-14 ,447,986
NB387,2017-04-17 ,555,742
NB387,2017-10-23 ,368,719
NB387,2017-03-03 ,205,356
J4ML1,2018-01-14 ,873,928
J4ML1,2017-11-04 ,1113,1165
J4ML1,2018-02-26 ,324,814
J4ML1,2017-01-12 ,224,832
J4ML1,2017-12-21 ,520,715
J4ML1,2018-01-03 ,28,925
J4ML1,2017-04-21 ,840,1117
J4ML1,2017-05-25 ,58,341
J4ML1,2017-11-29 ,894,977
J4ML1,2018-04-04 ,537,846
J4ML1,2017-04-05 ,1059,1082
J4ML1,2017-06-29 ,29,810
J4ML1,2018-01-08 ,1184,1190
J4ML1,2017-04-18 ,1200,1200
J4ML1,2017-03-12 ,1126,1162
J4ML1,2017-09-10 ,595,1089
J4ML1,2017-10-13 ,988,1071
J4ML1,2017-04-17 ,290,1168
J4ML1,2017-03-19 ,1134,1176
MN1KI,2017-03-12 ,974,1019
MN1KI,2017-01-15 ,1001,1069
MN1KI,2017-07-18 ,950,958
MN1KI,2018-02-15 ,241,809
MN1KI,2017-10-07 ,1058,1100
MN1KI,2017-08-30 ,722,752
GE5Q8,2018-02-07 ,198,992
GE5Q8,2017-03-04 ,215,1000
GE5Q8,2018-03-04 ,987,1084
GE5Q8,2017-09-06 ,408,436
GE5Q8,2017-05-14 ,90,534
GE5Q8,2017-07-30 ,1063,1129
GE5Q8,2017-05-09 ,689,1183
GE5Q8,2018-03-11 ,311,362
GE5Q8,2018-04-05 ,53,861
GE5Q8,2018-01-09 ,367,959
GE5Q8,2017-10-27 ,1066,1179
GE5Q8,2017-10-26 ,194,489
GE5Q8,2017-07-28 ,404,995
GE5Q8,2018-02-21 ,1164,1180
GE5Q8,2017-09-23 ,520,580
GE5Q8,2018-02-08 ,114,693
GE5Q8,2017-07-11 ,890,1012
GE5Q8,2017-03-17 ,901,1040
GE5Q8,2017-05-15 ,925,998
ALP65,2017-03-27 ,783,1058
ALP65,2017-07-21 ,1039,1045
ALP65,2018-04-20 ,368,676
ALP65,2018-02-16 ,1062,1134
ALP65,2017-02-25 ,607,1162
ALP65,2017-03-18 ,1199,1199
ALP65,2017-12-15 ,142,707
ALP65,2017-09-26 ,1110,1186
ALP65,2018-03-11 ,292,719
ALP65,2017-08-18 ,72,111
ALP65,2017-09-30 ,387,1183
ALP65,2017-06-28 ,267,598
ALP65,2017-08-11 ,174,653
ALP65,2018-04-09 ,4,43
ALP65,2017-06-13 ,760,1039
ALP65,2017-10-09 ,216,1196
ALP65,2018-04-17 ,189,650
ALP65,2017-06-29 ,126,1080
ALP65,2017-03-05 ,1065,1109
ALP65,2017-01-14 ,113,293
ALP65,2017-08-16 ,33,41
ALP65,2017-11-30 ,466,1172
0T622,2017-10-17 ,881,1108
0T622,2017-12-07 ,256,320
0T622,2017-03-06 ,12,875
0T622,2018-03-09 ,486,727
0T622,2017-10-25 ,750,1162
0T622,2017-05-19 ,1011,1179
0T622,2018-03-13 ,321,589
0T622,2017-05-07 ,96,855
0T622,2017-08-17 ,1121,1131
0T622,2017-01-13 ,576,682
0T622,2017-04-21 ,1023,1156
0T622,2017-02-08 ,1127,1164
0T622,2018-02-05 ,648,978
8VM1U,2017-02-19 ,23,191
8VM1U,2018-04-27 ,818,943
8VM1U,2017-09-05 ,965,1115
8VM1U,2017-12-28 ,1157,1182
8VM1U,2018-03-20 ,796,1107
8VM1U,2017-01-30 ,472,1059
8VM1U,2018-04-23 ,779,779
8VM1U,2017-11-13 ,879,912
8VM1U,2017-07-29 ,690,1116
8VM1U,2018-04-04 ,1163,1195
8VM1U,2017-09-02 ,165,1118
5SPT1,2018-01-16 ,755,952
5SPT1,2017-06-12 ,98,493
5SPT1,2017-07-21 ,1193,1199
5SPT1,2017-01-13 ,1037,1136
5SPT1,2018-01-27 ,155,1178
5SPT1,2017-11-21 ,995,1157
5SPT1,2017-05-29 ,776,1188
5SPT1,2017-11-14 ,590,894
5SPT1,2018-03-16 ,890,1130
5SPT1,2017-12-21 ,414,647
5SPT1,2018-02-06 ,697,1102
5SPT1,2017-03-25 ,634,999
5SPT1,2017-11-23 ,100,704
5SPT1,2018-01-25 ,1135,1177
5SPT1,2017-11-22 ,25,1099
5SPT1,2017-12-02 ,634,812
5SPT1,2017-05-21 ,539,744
3S8Z0,2018-03-19 ,80,1006
3S8Z0,2017-03-05 ,287,489
3S8Z0,2017-08-28 ,517,583
3S8Z0,2017-02-10 ,815,948
3S8Z0,2018-02-17 ,754,1167
3S8Z0,2017-07-30 ,13,646
3S8Z0,2017-07-11 ,451,1154
3S8Z0,2017-01-12 ,485,1156
3S8Z0,2017-01-03 ,303,686
3S8Z0,2017-05-02 ,1110,1190
3S8Z0,2017-04-21 ,415,436
3S8Z0,2018-04-28 ,620,635
3S8Z0,2017-10-03 ,216,1032
3S8Z0,2017-10-12 ,676,841
3S8Z0,2018-01-11 ,985,1098
3S8Z0,2018-02-24 ,1029,1031
3S8Z0,2017-07-17 ,191,1061
3S8Z0,2017-09-22 ,759,949
3S8Z0,2017-12-16 ,269,681
3S8Z0,2018-04-26 ,701,918
3S8Z0,2018-03-10 ,692,925
3S8Z0,2017-10-27 ,812,920
3S8Z0,2018-01-07 ,827,1125
3S8Z0,2018-04-10 ,695,883
3S8Z0,2017-04-15 ,1196,1200
3S8Z0,2018-02-03 ,756,954
BL3KC,2017-12-07 ,761,1161
BL3KC,2017-04-03 ,693,1066
BL3KC,2017-05-11 ,375,418
BL3KC,2017-10-01 ,85,623
BL3KC,2017-11-18 ,105,963
BL3KC,2017-11-22 ,1071,1189
BL3KC,2017-04-18 ,476,1086
BL3KC,2017-11-09 ,420,1170
BL3KC,2017-08-09 ,1063,1101
BL3KC,2018-03-23 ,523,958
BL3KC,2018-04-06 ,1177,1183
BL3KC,2017-01-08 ,619,923
BL3KC,2018-03-26 ,935,1099
BL3KC,2018-04-11 ,225,598
BL3KC,2017-05-02 ,503,835
BL3KC,2017-03-30 ,600,938
BL3KC,2018-02-11 ,306,417
BL3KC,2017-03-12 ,1016,1089
BL3KC,2017-08-14 ,832,844
BL3KC,2018-01-11 ,479,992
BL3KC,2017-03-08 ,883,1091
BL3KC,2017-12-25 ,1152,1191
BL3KC,2017-08-07 ,263,886
BL3KC,2017-05-14 ,600,671
BL3KC,2017-12-28 ,1093,1127
BL3KC,2017-04-19 ,124,284
BL3KC,2017-10-21 ,1108,1193
BL3KC,2018-02-09 ,740,1176
BL3KC,2017-05-05 ,773,955
36646,2017-11-28 ,275,517
36646,2017-06-10 ,1033,1199
36646,2017-07-14 ,665,837
36646,2017-11-02 ,905,942
36646,2018-03-09 ,417,981
36646,2017-01-16 ,1199,1200
CGQ1A,2017-08-09 ,359,1128
CGQ1A,2017-04-26 ,426,1074
CGQ1A,2018-03-09 ,1129,1156
CGQ1A,2017-09-18 ,67,230
CGQ1A,2017-11-22 ,192,704
CGQ1A,2018-01-04 ,555,1045
CGQ1A,2017-07-02 ,414,672
CGQ1A,2017-07-15 ,690,942
CGQ1A,2017-06-03 ,1098,1104
CGQ1A,2018-01-05 ,83,1105
CGQ1A,2017-10-11 ,1150,1183
CGQ1A,2017-08-23 ,183,874
CGQ1A,2017-08-13 ,263,441
CGQ1A,2017-12-13 ,24,254
CGQ1A,2017-04-10 ,1100,1146
CGQ1A,2018-01-28 ,726,770
CGQ1A,2017-07-19 ,862,994
CGQ1A,2017-09-23 ,1049,1079
CGQ1A,2017-06-25 ,182,586
CGQ1A,2017-01-10 ,675,1032
CGQ1A,2018-02-09 ,878,1135
CGQ1A,2017-12-02 ,1061,1107
CGQ1A,2017-04-01 ,443,678
CGQ1A,2017-11-19 ,525,1149
CGQ1A,2017-03-18 ,223,1044
CGQ1A,2017-04-28 ,154,195
4SC0G,2018-02-12 ,765,1128
4SC0G,2017-02-07 ,431,1058
4SC0G,2017-06-08 ,326,1064
4SC0G,2017-04-02 ,929,1160
4MK73,2017-06-11 ,297,950
4MK73,2017-08-14 ,871,1138
4MK73,2017-11-13 ,1059,1132
82OO1,2017-08-07 ,534,723
82OO1,2017-08-31 ,749,850
82OO1,2017-05-26 ,936,1021
82OO1,2017-03-19 ,944,1117
82OO1,2017-01-21 ,796,1111
82OO1,2017-09-23 ,687,759
82OO1,2017-11-24 ,864,1014
82OO1,2017-11-29 ,195,272
82OO1,2017-04-07 ,922,939
82OO1,2018-02-16 ,486,958
2111X,2018-04-02 ,75,134
2111X,2017-12-11 ,215,1140
2111X,2018-03-29 ,243,898
2111X,2017-07-11 ,786,866
2111X,2017-01-17 ,1102,1180
2111X,2017-01-31 ,97,507
2111X,2017-04-10 ,915,960
2111X,2017-05-08 ,729,1085
2111X,2017-11-15 ,1110,1126
2111X,2018-03-29 ,444,923
2111X,2017-06-13 ,789,883
2111X,2017-04-12 ,323,331
2111X,2017-06-22 ,224,388
2111X,2017-06-29 ,1003,1081
2111X,2018-02-19 ,541,893
2111X,2018-04-03 ,1081,1171
11ZAK,2017-05-26 ,648,928
11ZAK,2017-03-07 ,567,567
11ZAK,2017-11-24 ,144,449
11ZAK,2017-03-14 ,864,990
11ZAK,2017-11-26 ,1024,1031
11ZAK,2017-08-08 ,669,908
11ZAK,2017-09-16 ,702,911
11ZAK,2017-04-23 ,1021,1065
11ZAK,2018-03-29 ,733,744
11ZAK,2018-01-12 ,337,467
11ZAK,2017-06-18 ,256,409
11ZAK,2017-12-24 ,468,521
11ZAK,2017-10-20 ,451,833
11ZAK,2017-08-20 ,1107,1166
11ZAK,2018-04-09 ,549,795
11ZAK,2017-06-30 ,201,739
11ZAK,2018-01-10 ,334,618
11ZAK,2018-04-08 ,1136,1161
11ZAK,2017-01-25 ,836,843
HM6U8,2017-08-15 ,212,396
HM6U8,2017-07-22 ,942,968
HM6U8,2018-01-15 ,525,800
HM6U8,2017-11-09 ,292,1150
HM6U8,2017-11-13 ,416,599
HM6U8,2017-09-20 ,201,1123
HM6U8,2017-03-04 ,328,1093
HM6U8,2017-12-02 ,1143,1166
HM6U8,2017-09-21 ,1009,1030
HM6U8,2017-02-05 ,1043,1107
HM6U8,2018-02-18 ,888,1089
HM6U8,2018-04-19 ,846,1174
HM6U8,2017-02-21 ,1114,1135
HM6U8,2017-02-24 ,810,814
HM6U8,2017-06-24 ,283,1038
HM6U8,2017-06-16 ,192,293
HM6U8,2017-09-03 ,335,403
HM6U8,2017-02-21 ,634,761
2V137,2017-10-03 ,923,1047
2V137,2017-06-27 ,186,1177
2V137,2017-09-24 ,428,914
2V137,2017-02-04 ,737,873
2V137,2017-02-23 ,542,849
2V137,2017-11-18 ,416,636
2V137,2017-10-17 ,151,180
2V137,2018-01-30 ,296,787
2V137,2017-01-18 ,239,579
2V137,2017-10-04 ,1097,1198
2V137,2017-07-02 ,409,844
2V137,2017-07-15 ,905,927
2V137,2017-09-09 ,448,590
2V137,2018-03-04 ,321,1187
2V137,2018-02-09 ,77,636
4KB72,2017-04-03 ,745,829
4KB72,2017-04-04 ,832,1057
4KB72,2018-04-07 ,859,996
4KB72,2017-11-26 ,969,1054
4KB72,2018-03-18 ,415,829
4KB72,2017-01-09 ,642,767
4KB72,2017-04-12 ,511,1022
4KB72,2018-03-03 ,313,830
4KB72,2017-03-11 ,678,792
4KB72,2017-08-24 ,274,1021
4KB72,2017-12-23 ,1200,1200
4KB72,2017-03-11 ,609,705
4KB72,2017-11-28 ,25,846
4KB72,2018-01-26 ,318,680
4KB72,2017-08-14 ,110,1085
4KB72,2017-09-13 ,242,638
4KB72,2017-09-25 ,1001,1051
4KB72,2017-02-27 ,1167,1197
4KB72,2017-04-22 ,1016,1114
4KB72,2017-06-30 ,408,885
48Z7A,2018-01-09 ,1600,1730
48Z55,2018-01-09 ,1530,1700
90081,2018-01-09 ,1600,1700
